feature,mean_abs_shap,rank
us_vix_change,0.17227933,1
gold_change,0.12377516,2
us_yield_spread,0.112589486,3
usdinr_change,0.111357145,4
ret_lag1,0.10527008,5
nifty_it_change,0.09157605,6
bb_pct,0.06708369,7
nifty_ret_change,0.06699491,8
price_vs_200sma,0.06221968,9
nifty_bank_change,0.059828706,10
us_10y_change,0.058256496,11
dxy_change,0.057094675,12
oil_change,0.04531811,13
vix_change,0.04303749,14
ret_lag2,0.04166461,15
S_recency,0.040340707,16
S_events,0.03326702,17
dii_net,0.029934494,18
bb_width,0.026032593,19
smart_score,0.026007237,20
S_volume,0.024713915,21
smartscore_velocity_3d,0.021479735,22
macd_diff,0.021304898,23
rsi,0.0212989,24
S_recency_3d,0.020148205,25
S_breadth,0.015383257,26
price_vs_sma,0.012157801,27
pos,0.010054241,28
fii_net,0.009426517,29
neg,0.00754559,30
total,0.0067539867,31
pcr_vol,0.0,32
pcr_oi,0.0,33
pcr_change,0.0,34
pcr_zscore,0.0,35
pcr_oi_20d_avg,0.0,36
pcr_oi_5d_avg,0.0,37
pcr_regime,0.0,38
volume_ratio,0.0,39
