date,dxy_change,us_yield_spread
2024-01-02,0.1545452898675692,-1.2669997215270996
2024-01-03,0.8786204622023064,-1.3280000686645508
2024-01-04,0.12785158887330672,-1.2370002269744873
2024-01-05,-0.1795377181931901,-1.1779999732971191
2024-01-08,0.047052628163146704,-1.2179999351501465
2024-01-09,-0.08651256948868369,-1.2109999656677246
2024-01-10,0.17601046005020216,-1.1949996948242188
2024-01-11,-0.39071904866585516,-1.2409999370574951
2024-01-12,-0.059294316174374195,-1.247999906539917
2024-01-15,0.32727697071506245,
2024-01-16,-0.0,-1.1370000839233398
2024-01-17,0.6113749991014994,-1.1090002059936523
2024-01-18,-0.06421361876616238,-1.055999755859375
2024-01-19,0.06091998707791202,-1.0520000457763672
2024-01-22,-0.12090614520767762,-1.1059999465942383
2024-01-23,0.11097587522371777,-1.0679998397827148
2024-01-24,0.205215722482599,-1.0320000648498535
2024-01-25,-0.21981168503151238,-1.063000202178955
2024-01-26,0.3188993491867853,-1.0399999618530273
2024-01-29,0.03253046819037264,-1.1089997291564941
2024-01-30,0.08343042513787591,-1.1440000534057617
2024-01-31,-0.08241081449942289,-1.2210001945495605
2024-02-01,0.3640899844691736,-1.3369998931884766
2024-02-02,-0.6546518613900432,-1.1770000457763672
2024-02-05,0.8699545159365218,-1.064000129699707
2024-02-06,0.3544747978426521,-1.1329998970031738
2024-02-07,-0.1430711534839757,-1.1129999160766602
2024-02-08,-0.17241086979722375,-1.0479998588562012
2024-02-09,-0.014005430257113538,-1.0329999923706055
2024-02-12,-0.19436726497759071,-1.0560002326965332
2024-02-13,0.24021357911608865,-0.9169998168945312
2024-02-14,0.5879202295596797,-0.9509997367858887
2024-02-15,-0.21679108452647977,-0.9780001640319824
2024-02-16,-0.38892439644739873,-0.9279999732971191
2024-02-19,-0.10246971826746165,
2024-02-20,0.08837131826242572,-0.9379997253417969
2024-02-21,-0.3503573049315589,-0.9100003242492676
2024-02-22,-0.06708392833341126,-0.9059996604919434
2024-02-23,-0.04871754532318473,-0.9799995422363281
2024-02-26,0.05194228009101076,-0.9510002136230469
2024-02-27,-0.2853848012403848,-0.929999828338623
2024-02-28,0.056391596959926016,-0.9659996032714844
2024-02-29,0.05528021705811792,-0.9710001945495605
2024-03-01,0.31226566602047257,-1.0350003242492676
2024-03-04,-0.3491335816306229,-1.004000186920166
2024-03-05,-0.11506775155347704,-1.0879998207092285
2024-03-06,-0.007599404215485883,-1.125999927520752
2024-03-07,-0.40110165418332233,-1.136000156402588
2024-03-08,-0.46429060472945594,-1.1389999389648438
2024-03-11,0.0656567795387697,-1.1359996795654297
2024-03-12,0.10603929401840073,-1.0849995613098145
2024-03-13,0.03278122880970846,-1.0460000038146973
2024-03-14,-0.2519724276841995,-0.940000057220459
2024-03-15,0.6562695389562556,-0.9340000152587891
2024-03-18,0.007623501546549782,-0.8979997634887695
2024-03-19,0.07937371227215717,-0.9409999847412109
2024-03-20,0.09777760139780822,-0.9550004005432129
2024-03-21,-0.6803066718666706,-0.9570002555847168
2024-03-22,0.6843421167792574,-1.001999855041504
2024-03-25,0.5047075233675091,-0.9650001525878906
2024-03-26,-0.2839613982804634,-0.9839997291564941
2024-03-27,0.05415890093947162,-1.0190000534057617
2024-03-28,0.17517638968261862,-0.9970002174377441
2024-03-29,0.17487746285576034,
2024-04-01,0.016178799477861716,-0.8889999389648438
2024-04-02,0.5143150317636236,-0.8480000495910645
2024-04-03,-0.2918275733701847,-0.8550000190734863
2024-04-04,-0.6481340849805228,-0.8940000534057617
2024-04-05,0.011922747634585118,-0.8370003700256348
2024-04-08,0.06065486129902542,-0.7990002632141113
2024-04-09,-0.30636417249643166,-0.8539996147155762
2024-04-10,0.04018391107306618,-0.6830000877380371
2024-04-11,1.0827671256997462,-0.6619997024536133
2024-04-12,0.13837832894822988,-0.7309999465942383
2024-04-15,0.7199109613056143,-0.6100001335144043
2024-04-16,0.22421085446946432,-0.5739998817443848
2024-04-17,0.040354405243714364,-0.6549997329711914
2024-04-18,-0.451316778317401,-0.5960001945495605
2024-04-19,0.2363091527059935,-0.630000114440918
2024-04-22,-0.13216500410460075,-0.6219997406005859
2024-04-23,0.039414857141839565,-0.6469998359680176
2024-04-24,-0.47205706173933937,-0.6030001640319824
2024-04-25,0.04172858578515015,-0.5390000343322754
2024-04-26,-0.2779056228315868,-0.5689997673034668
2024-04-29,0.2120068399481645,-0.629000186920166
2024-04-30,-0.08251340439218158,-0.5590000152587891
2024-05-01,0.45866150360519553,-0.6550002098083496
2024-05-02,-0.5157048926138108,-0.6669998168945312
2024-05-03,-0.10733945474359352,-0.7350001335144043
2024-05-06,-0.23344122780000198,-0.750999927520752
2024-05-07,-0.08721746157627219,-0.7800002098083496
2024-05-08,0.15803038824503401,-0.7529997825622559
2024-05-09,0.033310542298736756,-0.7909998893737793
2024-05-10,-0.3559004264149568,-0.7389998435974121
2024-05-13,0.13678194040684932,-0.7589998245239258
2024-05-14,-0.21480105086160162,-0.7899999618530273
2024-05-15,-0.1946593428366894,-0.8839998245239258
2024-05-16,-0.6958517197712899,-0.8660001754760742
2024-05-17,0.2021339610122852,-0.8199996948242188
2024-05-20,-0.07068450993499287,-0.8029999732971191
2024-05-21,0.1346704651206121,-0.8259997367858887
2024-05-22,0.05210343327269884,-0.810999870300293
2024-05-23,0.27604945630765876,-0.7699999809265137
2024-05-24,0.11568313063549107,-0.7779998779296875
2024-05-27,-0.32325156678336686,
2024-05-28,-0.13143355434903636,-0.7060003280639648
2024-05-29,0.09224489840714556,-0.625999927520752
2024-05-30,0.4612329057552267,-0.694000244140625
2024-05-31,-0.31097347455193436,-0.7309999465942383
2024-06-03,-0.16279400589764847,-0.8410000801086426
2024-06-04,-0.5006481625289716,-0.9039998054504395
2024-06-05,0.23396196060713192,-0.9509997367858887
2024-06-06,0.0674161906872528,-0.9519996643066406
2024-06-07,-0.18301472109247818,-0.8080000877380371
2024-06-10,1.0606295366450635,-0.7639999389648438
2024-06-11,0.13563397936425803,-0.8410000801086426
2024-06-12,0.22233252467021014,-0.9479999542236328
2024-06-13,-0.67799586265469,-1.001999855041504
2024-06-14,0.687287799533598,-1.0269999504089355
2024-06-17,0.34140414735827074,-0.9640002250671387
2024-06-18,-0.3598165662875408,-1.0180001258850098
2024-06-19,-0.015038957559387889,
2024-06-20,-0.08601434112416317,-0.9709997177124023
2024-06-21,0.4196899470109816,-0.9580001831054688
2024-06-24,0.17420859848481518,-0.9619998931884766
2024-06-25,-0.42072196200988454,-0.9850001335144043
2024-06-26,0.21526644623542923,-0.9140000343322754
2024-06-27,0.2755490946005468,-0.934999942779541
2024-06-28,-0.2655728098447163,-0.869999885559082
2024-07-01,-0.2501303028703994,-0.7389998435974121
2024-07-02,-0.017178606538514885,-0.7920002937316895
2024-07-03,-0.10534106278563549,-0.875
2024-07-04,-0.41769340432380453,
2024-07-05,-0.16107649996139894,-0.9530000686645508
2024-07-08,-0.14182900309382962,-0.9489998817443848
2024-07-09,-0.045487934906107697,-0.9249997138977051
2024-07-10,0.14924617474129098,-0.9449996948242188
2024-07-11,-0.171162134456182,-1.005000114440918
2024-07-12,-0.3642424623895302,-1.0089998245239258
2024-07-15,-0.11756735673211782,-0.9639997482299805
2024-07-16,-0.14717265118406875,-1.0260000228881836
2024-07-17,-0.008715248765667205,-1.0490002632141113
2024-07-18,-0.345714833044819,-1.0039997100830078
2024-07-19,0.353208229081603,-0.9539999961853027
2024-07-22,0.02180452451537862,-0.929999828338623
2024-07-23,0.08603399994553396,-0.9340000152587891
2024-07-24,0.359155869312322,-0.884000301361084
2024-07-25,0.10297485602965839,-0.9039998054504395
2024-07-26,-0.10851384423078425,-0.9550004005432129
2024-07-29,-0.022795394253760648,-0.9689998626708984
2024-07-30,0.3159325678096292,-0.9920001029968262
2024-07-31,0.031368354387706354,-1.0260000228881836
2024-08-01,-0.07252143928826449,-1.1389997005462646
2024-08-02,0.33549348611565666,-1.2380001544952393
2024-08-05,-1.1423649815007764,-1.2749998569488525
2024-08-06,-0.36794715598382766,-1.191999912261963
2024-08-07,0.2261616420014434,-1.1119999885559082
2024-08-08,-0.017478447067253988,-1.0860002040863037
2024-08-09,0.11351369276645373,-1.1329998970031738
2024-08-12,0.017473410383794796,-1.1640000343322754
2024-08-13,-0.2055996775592428,-1.2009999752044678
2024-08-14,-0.5553525057191644,-1.2430002689361572
2024-08-15,-0.1475781796328013,-1.1539998054504395
2024-08-16,0.36758995319072785,-1.182999849319458
2024-08-19,-0.4762838560523397,-1.196000099182129
2024-08-20,-0.5576511052951094,-1.2149999141693115
2024-08-21,-0.37390286396496997,-1.2269999980926514
2024-08-22,-0.24652959222828397,-1.1630001068115234
2024-08-23,0.342409723658188,-1.193000078201294
2024-08-26,-0.6365920264025826,-1.1800000667572021
2024-08-27,0.20766916139590696,-1.1349999904632568
2024-08-28,-0.11849710056877072,-1.113999843597412
2024-08-29,0.4739286454720659,-1.0980000495910645
2024-08-30,0.4000090438690873,-1.056999921798706
2024-09-02,0.3214000190856159,
2024-09-03,-0.20474717717107183,-1.1259996891021729
2024-09-04,0.16794385642910914,-1.1800000667572021
2024-09-05,-0.28587264145090163,-1.2010002136230469
2024-09-06,-0.27667685247454443,-1.1979999542236328
2024-09-09,0.21509169506589432,-1.1979999542236328
2024-09-10,0.44813102943156435,-1.189000129699707
2024-09-11,0.14988742242775244,-1.2219998836517334
2024-09-12,0.09138923865484871,-1.1600000858306885
2024-09-13,-0.6081768854457881,-1.1129999160766602
2024-09-16,-0.09536418367903643,-1.123999834060669
2024-09-17,-0.3706113070797379,-1.0930001735687256
2024-09-18,0.05783979918021487,-0.929999828338623
2024-09-19,0.07446361121506984,-0.8529999256134033
2024-09-20,-0.42415182505299853,-0.817000150680542
2024-09-23,0.010049842305048795,-0.7639997005462646
2024-09-24,0.4400265316868879,-0.7589998245239258
2024-09-25,-0.7151230534546471,-0.7060000896453857
2024-09-26,0.5376310297212861,-0.6770000457763672
2024-09-27,-0.41466668537284423,-0.7329998016357422
2024-09-30,0.06589094951865437,-0.6960000991821289
2024-10-01,0.29734512140978664,-0.7389998435974121
2024-10-02,0.6527790072830886,-0.687999963760376
2024-10-03,0.1392079970037985,-0.6150002479553223
2024-10-04,0.11698119884905323,-0.5240001678466797
2024-10-07,0.5531086014798681,-0.49900007247924805
2024-10-08,-0.010970973519652816,-0.49499988555908203
2024-10-09,-0.0,-0.4679999351501465
2024-10-10,0.2954669543280719,-0.43400001525878906
2024-10-11,0.08638422329961815,-0.4419999122619629
2024-10-14,0.07756225559412133,-0.4200000762939453
2024-10-15,0.1483708503107417,-0.47699975967407227
2024-10-16,0.22965105955181642,-0.4869999885559082
2024-10-17,0.19877858886587774,-0.41899967193603516
2024-10-18,0.30323382838881585,-0.440000057220459
2024-10-21,-0.3608352223611222,-0.3359999656677246
2024-10-22,0.46732247049250386,-0.29600000381469727
2024-10-23,0.19003483549562272,-0.2630000114440918
2024-10-24,0.15524310655355977,-0.2870001792907715
2024-10-25,-0.4048280359946421,-0.2780003547668457
2024-10-28,0.2548029968427179,-0.20399999618530273
2024-10-29,-0.1871296989450988,-0.20599985122680664
2024-10-30,-0.03570732687898648,-0.19700002670288086
2024-10-31,-0.35618565060204777,-0.14800024032592773
2024-11-01,-0.24819583506552334,-0.03900003433227539
2024-11-04,0.10655995851049926,-0.10900020599365234
2024-11-05,0.004352012235619984,-0.13399982452392578
2024-11-06,-0.5554702899202235,-0.0039997100830078125
2024-11-07,1.841790161863377,-0.07899999618530273
2024-11-08,-0.5786161482286278,-0.11699962615966797
2024-11-11,0.7436133497694897,-0.10699987411499023
2024-11-12,0.4713679148511618,0.009000301361083984
2024-11-13,0.4469625327243376,0.06100034713745117
2024-11-14,0.49545500735181935,0.03500032424926758
2024-11-15,0.3222246420885977,0.034999847412109375
2024-11-18,-0.034766267324415345,0.01100015640258789
2024-11-19,-0.5806019818599184,-0.028999805450439453
2024-11-20,-0.1198629558994746,-0.0039997100830078125
2024-11-21,0.5789868023150069,0.01900005340576172
2024-11-22,0.7286603503216971,-0.005000114440917969
2024-11-25,-0.10059984149974888,-0.1400003433227539
2024-11-26,0.3394434519696232,-0.09299993515014648
2024-11-27,-0.4490308188931369,-0.14300012588500977
2024-11-28,-0.6791653575785039,
2024-11-29,-0.005281913081822687,-0.19500017166137695
2024-12-02,0.16977970845830637,-0.18400001525878906
2024-12-03,0.4158447181446645,-0.13399982452392578
2024-12-04,-0.09143989742383951,-0.16499996185302734
2024-12-05,-0.03154091131798431,-0.15000009536743164
2024-12-06,-0.6795994648919557,-0.14400005340576172
2024-12-09,0.19018358549437453,-0.09400033950805664
2024-12-10,0.09710081955754957,-0.06399965286254883
2024-12-11,0.2106648858464677,0.015999794006347656
2024-12-12,0.2479601489141614,0.10099983215332031
2024-12-13,0.31212470011464655,0.1810002326965332
2024-12-16,-0.3436723753809101,0.16899967193603516
2024-12-17,-0.06941552918395821,0.14500045776367188
2024-12-18,0.21200121370241742,0.26200008392333984
2024-12-19,1.379686040949868,0.35000038146972656
2024-12-20,-0.14199956440721362,0.30900001525878906
2024-12-23,-0.6572816929756531,0.3839998245239258
2024-12-24,0.2611890288039209,0.39100027084350586
2024-12-25,0.03120618074839987,
2024-12-26,0.029107357560742564,0.3639998435974121
2024-12-27,-0.22721812206090153,0.44099998474121094
2024-12-30,-0.059449210725381896,0.36299991607666016
2024-12-31,0.22269349976842268,0.36499977111816406
2025-01-02,0.5217249054994322,0.36699962615966797
2025-01-03,0.808116751134591,0.4030003547668457
2025-01-06,-0.3617188874099675,0.42799997329711914
2025-01-07,-0.7862458055476917,0.48000001907348633
2025-01-08,0.39312632643694334,0.48799991607666016
2025-01-09,0.29809405322528404,
2025-01-10,0.16578833712275198,0.5630002021789551
2025-01-13,0.5163311937805948,0.5850000381469727
2025-01-14,-0.20325468147883718,0.5750002861022949
2025-01-15,-0.40506930632360216,0.4479999542236328
2025-01-16,0.11222530650011331,0.41099977493286133
2025-01-17,-0.06490050075860232,0.4160003662109375
2025-01-20,0.23843130829300785,
2025-01-21,-1.394279770201634,0.3769998550415039
2025-01-22,0.14152030165982543,0.3839998245239258
2025-01-23,-0.040599688560072345,0.4250001907348633
2025-01-24,-0.05624851491667915,0.42100000381469727
2025-01-27,-0.49511381117006703,0.3399996757507324
2025-01-28,0.21516145137691067,0.36100006103515625
2025-01-29,0.15331053400753358,0.36699962615966797
2025-01-30,0.036486163034166186,0.3299999237060547
2025-01-31,0.268257458552168,0.3809995651245117
2025-02-03,1.4377536010052872,0.3530001640319824
2025-02-04,-0.7766210111102678,0.3000001907348633
2025-02-05,-0.4398011689169534,0.21199989318847656
2025-02-06,-0.2704183059746956,0.22700023651123047
2025-02-07,0.14540054721770002,0.2589998245239258
2025-02-10,0.7135643922794088,0.2649998664855957
2025-02-11,0.09786114722859507,0.3120002746582031
2025-02-12,-0.6156768707821447,0.4089999198913574
2025-02-13,-0.26084706288276305,0.3120002746582031
2025-02-14,-0.6705875470178757,0.259000301361084
2025-02-17,-0.2632782004510448,
2025-02-18,0.03669738116622856,0.33100032806396484
2025-02-19,0.3531586340879578,0.3169999122619629
2025-02-20,0.261560548386075,0.2950000762939453
2025-02-21,-0.7633917867490458,0.22300004959106445
2025-02-24,0.24511523515328149,0.20300006866455078
2025-02-25,0.1286799161344221,0.11599969863891602
2025-02-26,-0.5998783902478877,0.0560002326965332
2025-02-27,0.33563824334480463,0.08999967575073242
2025-02-28,0.8929464425346478,0.03800010681152344
2025-03-03,-0.18017084062638133,-0.013000011444091797
2025-03-04,-0.6836147663262127,0.014999866485595703
2025-03-05,-1.3538875107199866,0.059999942779541016
2025-03-06,-1.5803682242369943,0.08899974822998047
2025-03-07,0.0647234466842117,0.11999988555908203
2025-03-10,-0.6733564725031727,0.0279998779296875
2025-03-11,0.1951039928978826,0.09299993515014648
2025-03-12,-0.6897692458530891,0.12099981307983398
2025-03-13,0.2558252061335975,0.08599996566772461
2025-03-14,0.2811636557319863,0.11999988555908203
2025-03-17,-0.2361313594480885,0.11800003051757812
2025-03-18,-0.34831765334208953,0.08599996566772461
2025-03-19,-0.18596741869165712,0.06599998474121094
2025-03-20,0.2520622057834987,0.05099964141845703
2025-03-21,0.5059227151979595,0.06699991226196289
2025-03-24,0.1928790453157081,0.14899969100952148
2025-03-25,0.29709464430933696,0.125
2025-03-26,0.14886306947903272,0.14799976348876953
2025-03-27,0.42109799761305133,0.180999755859375
2025-03-28,-0.5486903144057864,0.06699991226196289
2025-03-31,-0.21215078090845996,0.05299997329711914
2025-04-01,0.04652105854351385,-0.043999671936035156
2025-04-02,0.21160185046942281,-0.006999969482421875
2025-04-03,-1.0439658179454803,-0.13000011444091797
2025-04-04,-1.2380016951382578,-0.17000031471252441
2025-04-07,0.5360440510336351,0.005000114440917969
2025-04-08,0.629822288861126,0.0840001106262207
2025-04-09,-0.5962451246217304,0.17199993133544922
2025-04-10,0.25847176829951746,0.19700002670288086
2025-04-11,-2.7919435356977162,0.2800002098083496
2025-04-14,-0.7577279343956134,0.16899967193603516
2025-04-15,0.03062430815494732,0.1230001449584961
2025-04-16,0.4144378660155601,0.0709996223449707
2025-04-17,-0.9220013132087201,0.12800025939941406
2025-04-22,-1.0177273336324122,0.17600011825561523
2025-04-23,1.403016623455533,0.1789999008178711
2025-04-24,0.21068835399171704,0.10799980163574219
2025-04-25,-0.3934726147248657,0.07299995422363281
2025-04-28,0.25294967307852856,0.023000240325927734
2025-04-29,-0.5818618549439769,-0.017000198364257812
2025-04-30,0.17425088679668965,-0.013000011444091797
2025-05-01,0.565124200256939,0.046000003814697266
2025-05-02,0.2507785777999927,0.11399984359741211
2025-05-05,-0.23665629329931992,0.13499975204467773
2025-05-06,0.08710742701883989,0.09800004959106445
2025-05-07,-0.25974827882915275,0.059999942779541016
2025-05-08,0.32222829801346053,0.15799999237060547
2025-05-09,0.7250799819027876,0.15999984741210938
2025-05-12,-0.04828175986058003,0.17699956893920898
2025-05-13,1.1938820247321957,0.21400022506713867
2025-05-14,-0.8109462705120363,0.24300003051757812
2025-05-15,0.03241990275094642,0.19700002670288086
2025-05-16,-0.09625714399328356,0.20399999618530273
2025-05-19,0.04587228270362953,0.2350001335144043
2025-05-20,-0.4100138468513759,0.2329998016357422
2025-05-21,-0.48538280285301827,0.36100006103515625
2025-05-22,-0.3829962183004465,0.3210000991821289
2025-05-23,0.43547334541853555,0.27899980545043945
2025-05-26,-0.8063275420608917,
2025-05-27,-0.13780624862818058,0.23099994659423828
2025-05-28,0.4512133069928481,0.2520003318786621
2025-05-29,0.9121845100342862,0.1939997673034668
2025-05-30,-1.2880357778047635,0.18400001525878906
2025-06-02,0.22025434804063826,0.23000001907348633
2025-06-03,-0.8819226592268192,0.22499990463256836
2025-06-04,0.6022474969410441,0.125
2025-06-05,-0.3300948975710094,0.16200017929077148
2025-06-06,-0.2783278827282354,0.2780003547668457
2025-06-09,0.4015539686889502,0.24200010299682617
2025-06-10,-0.17713400708556648,0.2239999771118164
2025-06-11,-0.08235503479774309,0.16200017929077148
2025-06-12,-0.628405814744526,0.0989999771118164
2025-06-13,-0.789975565342127,0.18400001525878906
2025-06-16,0.37559350278424386,0.20399999618530273
2025-06-17,0.04620169272109287,0.17500019073486328
2025-06-18,0.594800541714724,0.17399978637695312
2025-06-19,0.04476588490744948,
2025-06-20,-0.3073943633080223,0.17999982833862305
2025-06-23,0.10350377251370224,0.16200017929077148
2025-06-24,-0.8536921477964032,0.11100006103515625
2025-06-25,-0.11379258177608431,0.10500001907348633
2025-06-26,-0.6157340641507414,0.059999942779541016
2025-06-27,-0.07249234392081583,0.08599996566772461
2025-06-30,-0.3013925168278586,0.039999961853027344
2025-07-01,-0.5092043354438136,0.026000022888183594
2025-07-02,-0.15583858686389895,0.07000017166137695
2025-07-03,0.044844072685967795,0.10800027847290039
2025-07-04,0.2436668096811645,
2025-07-07,-0.07892943572744837,0.15000009536743164
2025-07-08,0.3755652578407487,0.16499996185302734
2025-07-09,0.1020078368183408,0.0970001220703125
2025-07-10,-0.05631767029690149,0.10600042343139648
2025-07-11,0.24225628397964716,0.18599987030029297
2025-07-14,0.17639848026551608,0.19899988174438477
2025-07-15,0.13532100753280707,0.2569999694824219
2025-07-16,0.5049252023215933,0.23000001907348633
2025-07-17,-0.24434665922288268,0.22799968719482422
2025-07-18,0.17422791502890167,0.20200014114379883
2025-07-21,-0.13141727864731667,0.1490001678466797
2025-07-22,-0.5484812962579078,0.10599994659423828
2025-07-23,-0.3815255517533478,0.14800024032592773
2025-07-24,-0.2990702834968051,0.16300010681152344
2025-07-25,0.15400473566333783,0.14100027084350586
2025-07-28,-0.005871164147408514,0.18499994277954102
2025-07-29,1.361462298438998,0.09999990463256836
2025-07-30,0.3950425906899313,0.14400005340576172
2025-07-31,1.0526402697315196,0.125
2025-08-01,0.04912575965008159,0.037999629974365234
2025-08-04,-1.4263281535664252,0.04699993133544922
2025-08-05,0.022017339786817303,0.046000003814697266
2025-08-06,0.042840360126583654,0.08699989318847656
2025-08-07,-0.7254479395229829,0.10599994659423828
2025-08-08,-0.11559956311337771,0.15199995040893555
2025-08-11,0.24576614146443188,0.12999963760375977
2025-08-12,0.25329006384293695,0.16300010681152344
2025-08-13,-0.5044498085522431,0.12799978256225586
2025-08-14,-0.30687789312298097,0.1810002326965332
2025-08-15,0.52547013700186,0.21600008010864258
2025-08-18,-0.47412193569027483,0.21799993515014648
2025-08-19,0.3267246064411977,0.1919999122619629
2025-08-20,0.22120711328190712,0.1810002326965332
2025-08-21,-0.07923034548853458,0.20200014114379883
2025-08-22,0.3321295517033751,0.17200040817260742
2025-08-25,-0.8313816789309092,0.18200016021728516
2025-08-26,0.7784397121532227,0.1700000762939453
2025-08-27,-0.18041788739109332,0.17799997329711914
2025-08-28,-0.07338296814596301,0.13499975204467773
2025-08-29,-0.28852694977008486,0.18400001525878906
2025-09-01,-0.08769080505832694,
2025-09-02,-0.20620331010148263,0.24499988555908203
2025-09-03,0.6818667442679227,0.19299983978271484
2025-09-04,-0.20988615312806935,0.17800021171569824
2025-09-05,0.030312345978267263,0.17599987983703613
2025-09-08,-0.482587972341042,0.11800003051757812
2025-09-09,-0.4778174989349404,0.13099980354309082
2025-09-10,0.564072504420543,0.10199999809265137
2025-09-11,-0.005857199639236477,0.08300018310546875
2025-09-12,-0.26755139493517266,0.13299989700317383
2025-09-15,0.07035886474966446,0.13399982452392578
2025-09-16,-0.31762058226916245,0.1359999179840088
2025-09-17,-0.9152790526439691,0.20800018310546875
2025-09-18,0.3796270085562381,0.2239999771118164
2025-09-19,0.29830694629607857,0.2609999179840088
2025-09-22,0.4589194686919318,0.2950000762939453
2025-09-23,-0.5463925860591745,0.27499985694885254
2025-09-24,-0.11342028214860189,0.2889997959136963
2025-09-25,0.5907559229970993,0.2890000343322754
2025-09-26,0.6974319498375126,0.3269999027252197
2025-09-29,-0.3898836318379839,0.2779998779296875
2025-09-30,-0.19825738761274359,0.30299973487854004
2025-10-01,-0.03755697563918581,0.2609999179840088
2025-10-02,0.01525687209337212,0.23999977111816406
2025-10-03,0.07620456756015637,0.2609999179840088
2025-10-06,0.10776005590223958,0.3020002841949463
2025-10-07,0.01873764267223965,0.2839999198913574
2025-10-08,0.47551225397653996,0.28600025177001953
2025-10-09,0.19424973329146278,0.2949998378753662
2025-10-10,0.5632840619910651,0.19800019264221191
2025-10-13,-0.31094642734201816,0.19800019264221191
2025-10-14,0.30652003132498606,0.16899991035461426
2025-10-15,-0.30629787385783036,0.18799996376037598
2025-10-16,-0.37966881314348555,0.1230001449584961
2025-10-17,-0.45745776842454067,0.17499995231628418
2025-10-20,0.3602179138539885,0.18799996376037598
2025-10-21,0.11179075454055276,0.17799997329711914
2025-10-22,0.3781716149750203,0.16499996185302734
2025-10-23,-0.06965288242495316,0.20299983024597168
2025-10-24,-0.08249220313640837,0.23399996757507324
2025-10-27,-0.11747476354984077,0.27900004386901855
2025-10-28,-0.1724439736437322,0.2630000114440918
2025-10-29,-0.05246466257384785,0.3280000686645508
2025-10-30,0.4676089129250882,0.3359999656677246
2025-10-31,0.26617087187809085,0.38299989700317383
2025-11-03,0.3838812718454432,0.3229999542236328
2025-11-04,0.07718380054315688,0.29600024223327637
2025-11-05,0.29173258419082915,0.3689999580383301
2025-11-06,-0.09772937991558983,0.3299999237060547
2025-11-07,-0.4561919954874316,0.3359999656677246
2025-11-10,0.04617997950285835,0.32700014114379883
2025-11-11,-0.11557557451913336,0.33699989318847656
2025-11-12,-0.26187998451556727,0.2869999408721924
2025-11-13,-0.04056464170609786,0.3190000057220459
2025-11-14,-0.3431428150976634,0.3599996566772461
2025-11-17,0.14287326216213536,0.36099982261657715
2025-11-18,0.21326692706168382,0.3510000705718994
2025-11-19,0.0810665319466164,0.36099982261657715
2025-11-20,0.34967590310897023,0.33099985122680664
2025-11-21,0.053062563106698324,0.3230001926422119
2025-11-24,0.23360129840279686,0.3080000877380371
2025-11-25,-0.10828438194874224,0.26999974250793457
2025-11-26,-0.38857634592328605,0.24499988555908203
2025-11-27,-0.32254476698920787,
2025-11-28,0.019717279488074002,0.32000017166137695
2025-12-01,-0.013914779273482836,0.4030001163482666
2025-12-02,-0.05340106853513049,0.4140000343322754
2025-12-03,-0.17441337417734015,0.4220001697540283
2025-12-04,-0.3348405480923855,0.495999813079834
2025-12-05,0.2060723075929638,0.5360000133514404
2025-12-08,0.022115992647664395,0.5539999008178711
2025-12-09,-0.010466455726287904,0.5539999008178711
2025-12-10,0.11278422618286044,0.5710000991821289
2025-12-11,-0.6271748856121917,0.5729997158050537
2025-12-12,-0.3263644397137,0.6689996719360352
2025-12-15,0.015262371126645302,0.6440000534057617
2025-12-16,-0.14458302179327642,0.6040000915527344
2025-12-17,0.04347657650001224,0.6080000400543213
2025-12-18,0.06105804521927549,0.5940001010894775
2025-12-19,0.14187562314870172,0.6289999485015869
2025-12-22,0.1498647547091836,0.6410000324249268
2025-12-23,-0.494162732000869,0.6220002174377441
2025-12-24,-0.2512564596030664,0.5810000896453857
2025-12-26,0.0860452476322382,0.5930001735687256
2025-12-29,0.10712826260231845,0.5780000686645508
2025-12-30,-0.0011847274655973905,0.5900001525878906
2025-12-31,0.21732909698711778,0.6160001754760742
2026-01-02,-0.02702361791140362,0.6539998054504395
2026-01-05,0.38976338251188736,0.6499998569488525
2026-01-06,-0.08786396657685103,0.6589999198913574
2026-01-07,0.22791810578257632,0.622999906539917
2026-01-08,0.09809465062883271,0.6760001182556152
2026-01-09,0.16203858257893833,0.6579999923706055
2026-01-12,0.29292407268148857,0.6539998054504395
2026-01-13,-0.3721894267886938,0.6110000610351562
2026-01-14,0.2095745455871878,0.5799999237060547
2026-01-15,-0.032611611576771615,0.5949997901916504
2026-01-16,0.3204108235253189,0.6740000247955322
2026-01-19,-0.137179408979482,
2026-01-20,-0.1222043210717727,0.7230000495910645
2026-01-21,-0.7623096274352426,0.6649997234344482
2026-01-22,0.46808070748187713,0.6610000133514404
2026-01-23,-0.6993976815965031,0.6569998264312744
2026-01-26,-0.8834557986110658,0.6379997730255127
2026-01-27,-0.1520166432187775,0.6530001163482666
2026-01-28,-1.1885512757212613,0.6689999103546143
2026-01-29,0.33178823522642675,0.6470003128051758
2026-01-30,0.1005107546706574,0.6690001487731934
2026-02-02,0.9740094775813501,0.6970000267028809
2026-02-03,0.42592342010389084,0.6840002536773682
2026-02-04,-0.14769417545619223,0.6800000667572021
2026-02-05,0.12272882317434508,0.6319999694824219
2026-02-06,0.2014054237948315,0.6159999370574951
2026-02-09,-0.4068019076531648,0.6050000190734863
2026-02-10,-0.661872737252378,0.556999921798706
2026-02-11,0.12127167217913515,0.5720000267028809
2026-02-12,0.1140094572403827,0.5060000419616699
2026-02-13,0.06410125790436982,0.4630002975463867
2026-02-16,0.008296523786666121,
2026-02-17,0.1481343678262692,0.4590001106262207
2026-02-18,-0.016598922941168937,0.4760000705718994
2026-02-19,0.5316708197320219,0.4799997806549072
2026-02-20,0.1671319050741693,0.4909999370574951
2026-02-23,-0.5574177676609615,0.44099974632263184
2026-02-24,0.34555842194651243,0.44499993324279785
2026-02-25,0.15779217504044984,0.45999979972839355
2026-02-26,-0.3391044669744714,0.4290001392364502
2026-02-27,0.10269109594140957,0.3839998245239258
2026-03-02,0.36924180141600926,0.45799994468688965
2026-03-03,0.5287220155504424,0.4610002040863037
2026-03-04,0.7269282646369835,0.4849998950958252
2026-03-05,-0.20129234448502675,0.557999849319458
2026-03-06,0.236797414602119,0.562999963760376
2026-03-09,0.7305738373026283,0.5430002212524414
2026-03-10,-0.8155250175065021,0.5410001277923584
2026-03-11,0.05109159412443054,0.6080002784729004
2026-03-12,0.5863906768851401,0.6679997444152832
2026-03-13,0.18665417486131153,0.681999921798706
2026-03-16,0.7512824009417773,0.6149997711181641
2026-03-17,-0.563473694240324,0.5970001220703125
2026-03-18,-0.34733794480970026,0.6489999294281006
2026-03-19,0.650029715850764,0.6690001487731934
2026-03-20,-0.9863996366470618,0.7729997634887695
2026-03-23,0.15027864100332078,0.7220001220703125
2026-03-24,-0.40625473066702167,0.7720003128051758
2026-03-25,-0.06504217008531654,0.7080001831054688
2026-03-26,0.4578320252100587,0.7960000038146973
2026-03-27,0.22839647342894898,0.8329999446868896
2026-03-30,0.3734988505462056,0.7439999580383301
2026-03-31,0.27847987291541587,0.7109999656677246
2026-04-01,-0.9965414754568247,0.7139997482299805
2026-04-02,-0.14140271201934507,0.7060000896453857
2026-04-03,0.42126415655940885,
2026-04-06,0.2750900931932976,0.7120001316070557
2026-04-07,-0.2712089803667217,0.7279999256134033
2026-04-08,-1.2598292139696543,0.6909999847412109
2026-04-09,0.233193630685391,0.7050001621246338
2026-04-10,-0.27357273290540274,0.7239999771118164
2026-04-13,0.13776420653230925,0.6940000057220459
2026-04-14,-0.8026383151997996,0.6440000534057617
2026-04-15,-0.25958134948469436,0.6700000762939453
2026-04-16,-0.08266264648575383,0.6990001201629639
2026-04-17,0.22385881066527835,0.6459999084472656
2026-04-20,0.35224363086130417,0.6519999504089355
2026-04-21,-0.3676725907713507,0.6939997673034668
2026-04-22,0.3405808426816592,0.6990001201629639
2026-04-23,0.32543301491088084,0.7279999256134033
2026-04-24,0.18928207438571043,0.7170000076293945
2026-04-27,-0.193161026324562,0.7460000514984131
2026-04-28,-0.1453755829508907,0.7640001773834229
2026-04-29,0.048045845803645904,0.8280003070831299
2026-04-30,0.2827674525353596,0.804999828338623
2026-05-01,-0.3800206022605668,0.80299973487854
2026-05-04,0.02110968437515348,0.8560001850128174
2026-05-05,0.29580129488546714,0.8159999847412109
2026-05-06,-0.20384565072011362,0.7560000419616699
2026-05-07,-0.2702000345139677,0.7940001487731934
2026-05-08,0.13491354522860988,0.7689998149871826
2026-05-11,-0.317757127104068,0.809999942779541
2026-05-12,-0.09423207141905365,0.8599998950958252
2026-05-13,0.37786875142813425,0.8810000419616699
2026-05-14,0.1652005536549872,0.872999906539917
2026-05-15,0.46064690808581554,1.0069997310638428
2026-05-18,0.40883741383656025,1.0550000667572021
2026-05-19,-0.3508207954415088,1.0919997692108154
2026-05-20,0.4120467470440481,1.0150001049041748
2026-05-21,-0.15694132339709732,1.003999948501587
2026-05-22,0.03602322836829819,0.9730000495910645
2026-05-25,-0.18161716312452558,
2026-05-26,0.041899471372430774,0.9110000133514404
2026-05-27,0.004650619162338554,0.8959999084472656
2026-05-28,0.16265631135273795,0.8650000095367432
2026-05-29,-0.3006420503418372,0.8650000095367432
2026-06-01,0.03377967447728558,0.8550000190734863
2026-06-02,0.11518852142700098,0.8369998931884766
2026-06-03,0.11505497999036995,0.8680002689361572
2026-06-04,0.10913580545762747,0.8570003509521484
2026-06-05,-0.027878518661816898,0.9109997749328613
2026-06-08,0.7754740696302664,0.9240000247955322
2026-06-09,-0.05072495404958577,0.8929998874664307
2026-06-10,-0.0599849629144833,0.9069998264312744
2026-06-11,-0.0023045384526243495,0.8399999141693115
2026-06-12,-0.3495893934150285,0.8689999580383301
2026-06-15,-0.2343828039639062,0.8509998321533203
2026-06-16,0.07652025968395426,0.7979998588562012
2026-06-17,-0.13584316222152726,0.8159997463226318
2026-06-18,0.8837644086219565,0.7930002212524414
2026-06-19,0.4239690552107711,
2026-06-22,-0.036682789685582584,0.8289997577667236
2026-06-23,0.3108158012609219,0.8029999732971191
2026-06-24,0.4164921024651491,0.7119998931884766
2026-06-25,0.22254692404617415,0.7120001316070557
2026-06-26,-0.0658924755748469,0.7090001106262207
2026-06-29,-0.2106415312577603,0.6940000057220459
2026-06-30,-0.3198107834186281,0.6860001087188721
2026-07-01,0.07645980459228818,0.7749998569488525
2026-07-02,0.30948867782815137,0.817000150680542
2026-07-03,-0.3929363653470075,
2026-07-06,-0.13153758714730124,0.7890000343322754
2026-07-07,-0.03546766033091231,0.8039999008178711
2026-07-08,0.3318483455873711,0.8459997177124023
2026-07-09,-0.1599066213070044,0.8570001125335693
2026-07-10,-0.09947289074105914,0.873999834060669
2026-07-13,0.253173901130177,0.881000280380249
2026-07-14,0.1764652880172357,0.8849999904632568
2026-07-15,-0.3541722862882457,0.8570001125335693
2026-07-16,-0.3991675444596332,0.8719997406005859
2026-07-17,0.22317721459786943,0.8339998722076416
2026-07-20,0.14855513414127053,0.8930001258850098
2026-07-21,0.08335929074815285,0.8979997634887695
2026-07-22,0.1254408046252431,0.9120001792907715
2026-07-23,-0.06960960915756154,0.9030001163482666
2026-07-24,0.3060316204121505,0.873999834060669
2026-07-27,-0.15953147935925394,0.8439998626708984
2026-07-28,0.2239821835302247,0.8440001010894775
2026-07-29,-0.15030323822480263,0.9640002250671387
2026-07-30,-0.7086785721651667,0.9880001544952393
2026-07-31,-0.4909031861822788,1.062999963760376
2026-08-03,-0.17777646283081427,0.9859998226165771
2026-08-04,0.31760197087533637,0.8969998359680176
2026-08-05,-0.21795154553534424,0.8920001983642578
2026-08-06,-0.21613375587727912,0.937999963760376
2026-08-07,0.28236172192068754,0.9499998092651367
2026-08-10,-0.27504138550520363,0.9809999465942383
2026-08-11,0.08658762442715906,0.9539999961853027
2026-08-12,0.02309558951673063,0.9750001430511475
2026-08-13,0.11875754820395157,0.935999870300293
2026-08-14,-0.04614305380581385,0.999000072479248
2026-08-17,-0.3344887717306122,1.0209999084472656
2026-08-18,-0.07644512652018598,1.000999927520752
2026-08-19,0.028951209749916718,0.9529998302459717
2026-08-20,-0.8148321712777351,0.9930000305175781
2026-08-21,-0.12038580233832974,1.0279998779296875
2026-08-24,0.05374078277748939,1.000999927520752
2026-08-25,0.11318267414196503,0.9340000152587891
2026-08-26,-0.05487268637711651,0.9739999771118164
2026-08-27,0.17015396871572497,0.9939999580383301
2026-08-28,-0.01281602942633242,0.9899997711181641
2026-08-31,0.5782939622453132,1.0259997844696045
2026-09-01,-0.24746114961786692,1.0239999294281006
2026-09-02,0.19016820235382426,1.0239999294281006
2026-09-03,0.08805341804555278,1.0220000743865967
2026-09-04,-0.37095288000135174,1.0269999504089355
2026-09-07,0.12311195529957075,
2026-09-08,-0.11744386235728044,1.0310001373291016
2026-09-09,0.0023272577552746476,1.0319998264312744
2026-09-10,-0.05583498107699647,1.0989997386932373
2026-09-11,0.205488407437171,1.061999797821045
2026-09-14,0.13796914592201226,1.0260000228881836
2026-09-15,0.3914989331869956,1.0359997749328613
2026-09-16,0.09460526996256657,1.0360000133514404
2026-09-17,0.5872630923775435,0.9820001125335693
2026-09-18,-0.05394103153959495,1.0200002193450928
2026-09-21,-0.03213941734372394,0.9809997081756592
2026-09-22,0.13183934789783303,0.9629998207092285
2026-09-23,0.14538526054240775,1.0859999656677246
2026-09-24,0.577066618460631,1.0940003395080566
2026-09-25,0.06255886823015588,1.113999843597412
2026-09-28,-0.028443169311054284,1.182999610900879
2026-09-29,0.04662347551712687,1.190000057220459
2026-09-30,0.28012290859066313,1.2630000114440918
2026-10-01,0.12007306766242953,1.2549998760223389
2026-10-02,0.6828597621688415,1.2839999198913574
2026-10-05,-0.04164429919213397,1.2929997444152832
2026-10-06,0.3331428167112849,1.2319998741149902
2026-10-07,-0.325222986363638,1.239999771118164
2026-10-08,0.4637428277062705,1.1879997253417969
2026-10-09,-0.12898600821082962,
