ticker,ensemble_probability,xgb_prob,lgbm_prob,rf_prob,models_agree,signal
RADICO.NS,63.3,69.1,70.3,50.5,3,🟡 MILD BUY — 2-3 models agree
UPL.NS,63.1,69.2,68.9,51.2,3,🟡 MILD BUY — 2-3 models agree
MARUTI.NS,62.7,69.3,69.0,49.9,2,🟡 MILD BUY — 2-3 models agree
INDUSINDBK.NS,62.7,68.2,68.9,51.1,3,🟡 MILD BUY — 2-3 models agree
SHYAMMETL.NS,62.6,67.4,70.5,50.0,3,🟡 MILD BUY — 2-3 models agree
ROUTE.NS,62.5,68.5,67.2,51.8,3,🟡 MILD BUY — 2-3 models agree
JUBLFOOD.NS,62.4,65.5,71.2,50.5,3,🟡 MILD BUY — 2-3 models agree
BIKAJI.NS,62.3,65.8,70.4,50.8,3,🟡 MILD BUY — 2-3 models agree
PNB.NS,62.3,70.4,66.2,50.4,3,🟡 MILD BUY — 2-3 models agree
ADANIPOWER.NS,62.1,66.0,71.1,49.3,2,🟡 MILD BUY — 2-3 models agree
SKFINDIA.NS,62.0,66.4,69.7,50.0,3,🟡 MILD BUY — 2-3 models agree
NAM-INDIA.NS,61.9,66.4,67.9,51.6,3,🟡 MILD BUY — 2-3 models agree
AMBER.NS,61.5,70.7,62.7,51.2,3,🟡 MILD BUY — 2-3 models agree
GRANULES.NS,61.5,64.8,69.0,50.7,3,🟡 MILD BUY — 2-3 models agree
BAJAJ-AUTO.NS,61.2,68.2,64.3,51.0,3,🟡 MILD BUY — 2-3 models agree
ONGC.NS,61.1,67.3,65.8,50.1,3,🟡 MILD BUY — 2-3 models agree
NH.NS,61.1,68.8,63.4,51.2,3,🟡 MILD BUY — 2-3 models agree
AFFLE.NS,61.0,65.2,67.0,50.8,3,🟡 MILD BUY — 2-3 models agree
BDL.NS,61.0,64.5,66.9,51.4,3,🟡 MILD BUY — 2-3 models agree
OIL.NS,60.5,70.3,61.3,50.0,3,🟡 MILD BUY — 2-3 models agree
VOLTAS.NS,60.5,63.7,67.6,50.2,3,🟡 MILD BUY — 2-3 models agree
JSWSTEEL.NS,60.5,65.4,67.2,49.0,2,🟡 MILD BUY — 2-3 models agree
JPPOWER.NS,60.4,65.7,65.4,50.2,3,🟡 MILD BUY — 2-3 models agree
BALAMINES.NS,60.3,69.1,60.3,51.4,3,🟡 MILD BUY — 2-3 models agree
DELTACORP.NS,60.2,70.1,61.7,48.9,2,🟡 MILD BUY — 2-3 models agree
TITAN.NS,60.2,62.9,66.3,51.5,3,🟡 MILD BUY — 2-3 models agree
TATAPOWER.NS,60.0,66.1,64.0,49.8,2,🟡 MILD BUY — 2-3 models agree
NAUKRI.NS,59.9,64.9,64.3,50.6,3,🟡 MILD BUY — 2-3 models agree
VEDL.NS,59.8,66.2,63.5,49.6,2,🟡 MILD BUY — 2-3 models agree
SAIL.NS,59.8,65.2,65.9,48.1,2,🟡 MILD BUY — 2-3 models agree
EASEMYTRIP.NS,59.7,63.2,68.2,47.8,2,🟡 MILD BUY — 2-3 models agree
BLUESTARCO.NS,59.7,63.6,67.6,47.9,2,🟡 MILD BUY — 2-3 models agree
HAL.NS,59.5,62.1,66.7,49.7,2,🟡 MILD BUY — 2-3 models agree
BSE.NS,59.5,63.3,65.0,50.3,3,🟡 MILD BUY — 2-3 models agree
IRFC.NS,59.5,68.0,61.5,49.1,2,🟡 MILD BUY — 2-3 models agree
ABCAPITAL.NS,59.4,62.1,66.1,50.1,3,🟡 MILD BUY — 2-3 models agree
LT.NS,59.4,63.3,64.5,50.4,3,🟡 MILD BUY — 2-3 models agree
KAYNES.NS,59.3,64.7,65.1,48.2,2,🟡 MILD BUY — 2-3 models agree
M&M.NS,59.3,64.0,62.8,51.1,3,🟡 MILD BUY — 2-3 models agree
IOC.NS,59.2,62.9,67.1,47.5,2,🟡 MILD BUY — 2-3 models agree
NAVINFLUOR.NS,59.2,64.6,63.4,49.4,2,🟡 MILD BUY — 2-3 models agree
HINDCOPPER.NS,59.1,65.7,61.1,50.5,3,🟡 MILD BUY — 2-3 models agree
ITC.NS,59.1,63.0,66.3,48.0,2,🟡 MILD BUY — 2-3 models agree
CHOLAFIN.NS,59.0,67.8,56.6,52.6,3,🟡 MILD BUY — 2-3 models agree
MUTHOOTFIN.NS,59.0,61.9,65.1,50.0,2,🟡 MILD BUY — 2-3 models agree
POLICYBZR.NS,59.0,63.0,62.5,51.6,3,🟡 MILD BUY — 2-3 models agree
BRIGADE.NS,58.9,64.5,61.1,51.1,3,🟡 MILD BUY — 2-3 models agree
DRREDDY.NS,58.9,65.8,62.3,48.7,2,🟡 MILD BUY — 2-3 models agree
JYOTHYLAB.NS,58.8,61.9,63.5,51.1,3,🟡 MILD BUY — 2-3 models agree
LODHA.NS,58.8,64.2,63.4,49.0,2,🟡 MILD BUY — 2-3 models agree
POWERGRID.NS,58.8,62.2,64.7,49.7,2,🟡 MILD BUY — 2-3 models agree
NMDC.NS,58.7,62.5,62.6,51.1,3,🟡 MILD BUY — 2-3 models agree
IIFL.NS,58.7,63.0,63.8,49.3,2,🟡 MILD BUY — 2-3 models agree
MOTHERSON.NS,58.7,58.3,69.2,48.8,2,🟡 MILD BUY — 2-3 models agree
MAZDOCK.NS,58.6,62.2,62.5,51.3,3,🟡 MILD BUY — 2-3 models agree
DEEPAKNTR.NS,58.5,62.7,61.8,50.9,3,🟡 MILD BUY — 2-3 models agree
YESBANK.NS,58.5,66.0,59.9,49.7,2,🟡 MILD BUY — 2-3 models agree
AARTIIND.NS,58.4,60.5,64.7,50.0,3,🟡 MILD BUY — 2-3 models agree
COLPAL.NS,58.3,61.0,63.6,50.1,3,🟡 MILD BUY — 2-3 models agree
COCHINSHIP.NS,58.3,60.0,63.7,51.1,3,🟡 MILD BUY — 2-3 models agree
TIINDIA.NS,58.3,60.4,62.9,51.6,3,🟡 MILD BUY — 2-3 models agree
SUZLON.NS,58.3,66.7,56.3,51.9,3,🟡 MILD BUY — 2-3 models agree
TMCV.NS,58.2,62.9,61.7,50.1,3,🟡 MILD BUY — 2-3 models agree
KPIL.NS,58.1,61.2,63.2,49.9,2,🟡 MILD BUY — 2-3 models agree
LTM.NS,57.9,63.5,60.5,49.6,2,MACRO CAUTION — US yield rising (+0.76%)
BOSCHLTD.NS,57.8,61.0,62.2,50.3,3,MACRO CAUTION — US yield rising (+0.76%)
EMAMILTD.NS,57.8,60.8,64.1,48.7,2,MACRO CAUTION — US yield rising (+0.76%)
SHRIRAMFIN.NS,57.6,56.3,66.7,49.6,2,MACRO CAUTION — US yield rising (+0.76%)
RELIANCE.NS,57.4,62.1,59.6,50.6,3,MACRO CAUTION — US yield rising (+0.76%)
EICHERMOT.NS,57.4,62.6,58.8,50.8,3,MACRO CAUTION — US yield rising (+0.76%)
FIVESTAR.NS,57.3,58.3,64.0,49.7,2,MACRO CAUTION — US yield rising (+0.76%)
NTPC.NS,57.2,60.1,61.3,50.2,3,MACRO CAUTION — US yield rising (+0.76%)
BEL.NS,57.2,61.2,61.7,48.8,2,MACRO CAUTION — US yield rising (+0.76%)
IOB.NS,57.1,58.2,61.3,51.7,3,MACRO CAUTION — US yield rising (+0.76%)
GODREJPROP.NS,56.9,60.2,60.2,50.3,3,MACRO CAUTION — US yield rising (+0.76%)
LICI.NS,56.9,61.6,60.5,48.4,2,MACRO CAUTION — US yield rising (+0.76%)
SJVN.NS,56.8,61.7,55.9,52.8,3,MACRO CAUTION — US yield rising (+0.76%)
ACC.NS,56.7,60.4,59.9,49.9,2,MACRO CAUTION — US yield rising (+0.76%)
GRSE.NS,56.6,64.0,53.2,52.5,3,MACRO CAUTION — US yield rising (+0.76%)
SHREECEM.NS,56.6,60.4,61.1,48.3,2,MACRO CAUTION — US yield rising (+0.76%)
APLAPOLLO.NS,56.5,63.3,57.7,48.6,2,MACRO CAUTION — US yield rising (+0.76%)
MANAPPURAM.NS,56.5,57.6,62.8,49.1,2,MACRO CAUTION — US yield rising (+0.76%)
ADANIPORTS.NS,56.5,64.3,56.9,48.2,2,MACRO CAUTION — US yield rising (+0.76%)
MRPL.NS,56.4,63.1,58.1,48.0,2,MACRO CAUTION — US yield rising (+0.76%)
DABUR.NS,56.4,59.9,61.6,47.7,2,MACRO CAUTION — US yield rising (+0.76%)
HINDUNILVR.NS,56.4,60.6,58.5,50.2,3,MACRO CAUTION — US yield rising (+0.76%)
TMPV.NS,56.4,58.0,60.8,50.4,3,MACRO CAUTION — US yield rising (+0.76%)
TATATECH.NS,56.3,60.5,58.4,50.1,3,MACRO CAUTION — US yield rising (+0.76%)
JIOFIN.NS,56.3,61.2,55.9,52.0,3,MACRO CAUTION — US yield rising (+0.76%)
PAYTM.NS,56.3,63.3,55.9,49.7,2,MACRO CAUTION — US yield rising (+0.76%)
TATASTEEL.NS,56.1,59.2,59.4,49.7,2,MACRO CAUTION — US yield rising (+0.76%)
INDHOTEL.NS,56.0,61.1,58.7,48.1,2,MACRO CAUTION — US yield rising (+0.76%)
JINDALSTEL.NS,55.9,62.1,57.6,48.0,2,MACRO CAUTION — US yield rising (+0.76%)
BALKRISIND.NS,55.8,55.1,62.3,49.9,2,MACRO CAUTION — US yield rising (+0.76%)
HEROMOTOCO.NS,55.5,61.5,57.2,47.7,2,MACRO CAUTION — US yield rising (+0.76%)
VBL.NS,55.4,58.9,58.5,48.7,2,MACRO CAUTION — US yield rising (+0.76%)
IPCALAB.NS,55.2,57.0,61.8,46.9,2,MACRO CAUTION — US yield rising (+0.76%)
SAPPHIRE.NS,55.2,57.6,58.0,50.0,3,MACRO CAUTION — US yield rising (+0.76%)
ZYDUSLIFE.NS,55.2,58.1,59.9,47.7,2,MACRO CAUTION — US yield rising (+0.76%)
CUMMINSIND.NS,54.8,56.5,59.1,48.8,2,MACRO CAUTION — US yield rising (+0.76%)
IEX.NS,54.4,56.3,57.0,49.8,2,MACRO CAUTION — US yield rising (+0.76%)
MARICO.NS,54.3,57.6,57.0,48.2,2,MACRO CAUTION — US yield rising (+0.76%)
TIMKEN.NS,54.1,58.1,56.0,48.2,2,MACRO CAUTION — US yield rising (+0.76%)
TORNTPHARM.NS,54.0,59.4,55.0,47.6,2,MACRO CAUTION — US yield rising (+0.76%)
ATGL.NS,53.9,56.0,56.8,48.9,2,MACRO CAUTION — US yield rising (+0.76%)
ICICIBANK.NS,53.7,56.3,56.2,48.5,2,MACRO CAUTION — US yield rising (+0.76%)
SOLARINDS.NS,53.7,59.1,52.0,49.9,2,MACRO CAUTION — US yield rising (+0.76%)
BAJFINANCE.NS,53.2,57.1,53.3,49.3,2,MACRO CAUTION — US yield rising (+0.76%)
SUNPHARMA.NS,53.1,58.7,52.2,48.3,2,MACRO CAUTION — US yield rising (+0.76%)
DLF.NS,53.0,52.9,57.7,48.4,2,MACRO CAUTION — US yield rising (+0.76%)
GOLDBEES.NS,53.0,54.1,57.9,47.0,2,MACRO CAUTION — US yield rising (+0.76%)
APOLLOHOSP.NS,53.0,55.8,54.6,48.8,2,MACRO CAUTION — US yield rising (+0.76%)
NYKAA.NS,52.8,52.0,58.7,47.7,2,MACRO CAUTION — US yield rising (+0.76%)
BPCL.NS,52.8,56.2,54.6,47.6,2,MACRO CAUTION — US yield rising (+0.76%)
ADANIENSOL.NS,52.7,53.8,56.8,47.3,2,MACRO CAUTION — US yield rising (+0.76%)
IRCON.NS,52.6,57.9,51.4,48.6,2,MACRO CAUTION — US yield rising (+0.76%)
BRITANNIA.NS,52.5,54.7,54.0,48.9,2,MACRO CAUTION — US yield rising (+0.76%)
MAXHEALTH.NS,52.4,52.4,56.1,48.8,2,MACRO CAUTION — US yield rising (+0.76%)
EIHOTEL.NS,52.4,56.6,53.8,46.8,2,MACRO CAUTION — US yield rising (+0.76%)
TATACOMM.NS,52.4,52.2,57.4,47.6,2,MACRO CAUTION — US yield rising (+0.76%)
CIPLA.NS,52.2,54.0,55.9,46.8,2,MACRO CAUTION — US yield rising (+0.76%)
VINATIORGA.NS,52.2,51.5,57.0,48.0,2,MACRO CAUTION — US yield rising (+0.76%)
BLS.NS,52.1,55.3,52.8,48.3,2,MACRO CAUTION — US yield rising (+0.76%)
GODREJCP.NS,52.1,55.8,51.8,48.7,2,MACRO CAUTION — US yield rising (+0.76%)
SBIN.NS,52.1,52.4,55.7,48.1,2,MACRO CAUTION — US yield rising (+0.76%)
ABBOTINDIA.NS,52.0,56.8,51.8,47.5,2,MACRO CAUTION — US yield rising (+0.76%)
BERGEPAINT.NS,51.9,56.8,51.4,47.5,2,MACRO CAUTION — US yield rising (+0.76%)
BANKBARODA.NS,51.6,53.1,54.9,46.7,2,MACRO CAUTION — US yield rising (+0.76%)
MASTEK.NS,51.6,51.7,54.7,48.4,2,MACRO CAUTION — US yield rising (+0.76%)
TATACONSUM.NS,51.5,52.5,53.8,48.1,2,MACRO CAUTION — US yield rising (+0.76%)
BHARTIARTL.NS,51.2,52.6,52.5,48.5,2,MACRO CAUTION — US yield rising (+0.76%)
ABB.NS,51.2,51.4,54.6,47.7,2,MACRO CAUTION — US yield rising (+0.76%)
PNCINFRA.NS,51.2,57.6,47.4,48.7,1,MACRO CAUTION — US yield rising (+0.76%)
DIXON.NS,51.1,54.2,49.7,49.3,1,MACRO CAUTION — US yield rising (+0.76%)
NESTLEIND.NS,51.0,53.8,51.5,47.9,2,MACRO CAUTION — US yield rising (+0.76%)
NBCC.NS,51.0,54.2,49.1,49.6,1,MACRO CAUTION — US yield rising (+0.76%)
UTIAMC.NS,50.9,50.4,55.0,47.2,2,MACRO CAUTION — US yield rising (+0.76%)
HDFCAMC.NS,50.3,49.9,53.5,47.5,1,MACRO CAUTION — US yield rising (+0.76%)
OBEROIRLTY.NS,50.2,51.4,51.7,47.6,2,MACRO CAUTION — US yield rising (+0.76%)
NATCOPHARM.NS,49.7,50.9,52.1,46.2,2,MACRO CAUTION — US yield rising (+0.76%)
INDIGO.NS,49.7,51.3,51.5,46.3,2,MACRO CAUTION — US yield rising (+0.76%)
TORNTPOWER.NS,49.7,52.5,49.7,46.9,1,MACRO CAUTION — US yield rising (+0.76%)
MPHASIS.NS,49.4,45.6,54.7,47.8,1,MACRO CAUTION — US yield rising (+0.76%)
ASIANPAINT.NS,49.1,49.0,51.7,46.5,1,MACRO CAUTION — US yield rising (+0.76%)
AUROPHARMA.NS,49.1,49.5,51.6,46.2,1,MACRO CAUTION — US yield rising (+0.76%)
TATAELXSI.NS,49.0,52.6,45.3,49.0,1,MACRO CAUTION — US yield rising (+0.76%)
ITBEES.NS,48.8,51.0,48.6,46.7,1,MACRO CAUTION — US yield rising (+0.76%)
COALINDIA.NS,48.7,48.8,49.2,48.1,0,MACRO CAUTION — US yield rising (+0.76%)
PERSISTENT.NS,48.7,45.1,54.0,47.0,1,MACRO CAUTION — US yield rising (+0.76%)
SIEMENS.NS,48.6,45.4,53.0,47.4,1,MACRO CAUTION — US yield rising (+0.76%)
NIFTYBEES.NS,48.6,50.4,47.3,48.3,1,MACRO CAUTION — US yield rising (+0.76%)
SCHAEFFLER.NS,48.5,48.6,49.6,47.3,0,MACRO CAUTION — US yield rising (+0.76%)
WIPRO.NS,48.4,50.3,47.4,47.4,1,MACRO CAUTION — US yield rising (+0.76%)
AJANTPHARM.NS,48.4,50.4,48.0,46.9,1,MACRO CAUTION — US yield rising (+0.76%)
BAJAJFINSV.NS,48.3,48.7,47.7,48.4,0,MACRO CAUTION — US yield rising (+0.76%)
PIDILITIND.NS,48.3,47.0,50.6,47.3,1,MACRO CAUTION — US yield rising (+0.76%)
LEMONTREE.NS,48.2,48.3,49.5,46.9,0,MACRO CAUTION — US yield rising (+0.76%)
KOTAKBANK.NS,47.8,46.9,51.2,45.5,1,MACRO CAUTION — US yield rising (+0.76%)
HDFCLIFE.NS,47.7,46.2,50.4,46.4,1,MACRO CAUTION — US yield rising (+0.76%)
BHEL.NS,47.7,47.5,49.1,46.6,0,MACRO CAUTION — US yield rising (+0.76%)
HOMEFIRST.NS,47.7,49.4,46.4,47.2,0,MACRO CAUTION — US yield rising (+0.76%)
HINDALCO.NS,47.6,42.7,53.1,47.0,1,MACRO CAUTION — US yield rising (+0.76%)
PHOENIXLTD.NS,47.6,48.9,48.9,45.2,0,MACRO CAUTION — US yield rising (+0.76%)
AXISBANK.NS,47.5,49.2,46.0,47.3,0,MACRO CAUTION — US yield rising (+0.76%)
COFORGE.NS,47.4,46.2,47.7,48.3,0,MACRO CAUTION — US yield rising (+0.76%)
GAIL.NS,47.1,47.5,46.9,46.8,0,MACRO CAUTION — US yield rising (+0.76%)
MANKIND.NS,46.8,47.1,47.3,45.9,0,MACRO CAUTION — US yield rising (+0.76%)
SRF.NS,46.7,46.7,46.6,46.6,0,MACRO CAUTION — US yield rising (+0.76%)
IRCTC.NS,46.4,45.5,47.3,46.6,0,MACRO CAUTION — US yield rising (+0.76%)
DMART.NS,46.4,46.0,48.7,44.5,0,MACRO CAUTION — US yield rising (+0.76%)
FORTIS.NS,46.3,45.7,44.4,48.7,0,MACRO CAUTION — US yield rising (+0.76%)
PAGEIND.NS,46.1,43.4,49.5,45.5,0,MACRO CAUTION — US yield rising (+0.76%)
HDFCBANK.NS,45.8,44.3,46.6,46.4,0,MACRO CAUTION — US yield rising (+0.76%)
ADANIGREEN.NS,45.3,43.8,46.2,45.8,0,MACRO CAUTION — US yield rising (+0.76%)
LTIM.NS,44.0,43.3,41.4,47.5,0,MACRO CAUTION — US yield rising (+0.76%)
BANSALWIRE.NS,43.9,43.7,43.7,44.4,0,MACRO CAUTION — US yield rising (+0.76%)
LAURUSLABS.NS,43.8,41.4,44.2,45.9,0,MACRO CAUTION — US yield rising (+0.76%)
SPICEJET.NS,43.7,39.6,44.5,46.9,0,MACRO CAUTION — US yield rising (+0.76%)
ALKEM.NS,43.7,45.6,39.9,45.7,0,MACRO CAUTION — US yield rising (+0.76%)
TCS.NS,43.1,43.1,38.6,47.7,0,MACRO CAUTION — US yield rising (+0.76%)
INFY.NS,42.6,42.0,37.9,47.8,0,MACRO CAUTION — US yield rising (+0.76%)
HAVELLS.NS,42.4,38.3,40.5,48.3,0,MACRO CAUTION — US yield rising (+0.76%)
MTARTECH.NS,42.4,40.2,41.9,45.3,0,MACRO CAUTION — US yield rising (+0.76%)
SUNTV.NS,41.8,40.0,38.3,47.1,0,MACRO CAUTION — US yield rising (+0.76%)
PRESTIGE.NS,41.0,37.5,39.9,45.5,0,MACRO CAUTION — US yield rising (+0.76%)
HCLTECH.NS,40.2,38.1,36.3,46.1,0,MACRO CAUTION — US yield rising (+0.76%)
