ticker,pred_ret_1d_pct
POLICYBZR.NS,0.4759902796510374
IDEA.NS,0.10893496888183082
MAZDOCK.NS,0.10626776888334744
GRSE.NS,0.05723773253423073
HDFCAMC.NS,-0.0018318517331605416
GODREJPROP.NS,-0.00837051688386832
MANAPPURAM.NS,-0.008472053472511926
BAJAJ-AUTO.NS,-0.014631125729404941
TIINDIA.NS,-0.018168265812847174
COCHINSHIP.NS,-0.030038428790416426
LTIM.NS,-0.030085860916686455
RELIANCE.NS,-0.034702982421000846
M&M.NS,-0.05432815895787876
NMDC.NS,-0.05496916202751053
EICHERMOT.NS,-0.055523420640286474
PRESTIGE.NS,-0.057664393766430316
TITAN.NS,-0.05847238050563723
MUTHOOTFIN.NS,-0.06642364715889361
HOMEFIRST.NS,-0.06748588894540945
DLF.NS,-0.07118474639826777
FORTIS.NS,-0.08662778436910215
OBEROIRLTY.NS,-0.0871349286903362
BAJAJFINSV.NS,-0.09304487474913642
BAJFINANCE.NS,-0.09530958968878617
TRENT.NS,-0.10131893726052094
LEMONTREE.NS,-0.10441342785282168
ALKEM.NS,-0.10704686318477363
SIEMENS.NS,-0.1113011225054081
HINDUNILVR.NS,-0.11700898879096636
TORNTPOWER.NS,-0.12306382083508757
TMCV.NS,-0.13535242745688242
COFORGE.NS,-0.1416257301263358
ITBEES.NS,-0.14476721541313253
BRITANNIA.NS,-0.15169793989665958
BPCL.NS,-0.15488927287335563
INDUSINDBK.NS,-0.15830557267859435
LT.NS,-0.15956217103518422
BANKBARODA.NS,-0.15964371847726078
SPICEJET.NS,-0.16343153409268196
LICI.NS,-0.16951942987002905
SAIL.NS,-0.17316073070865207
IOC.NS,-0.17431830226554906
ONGC.NS,-0.18108662074891052
LTM.NS,-0.18657388027785926
GOLDBEES.NS,-0.197567565768565
PNB.NS,-0.19846704382138605
MARUTI.NS,-0.2071810823054636
BHARTIARTL.NS,-0.20948811729570777
NIFTYBEES.NS,-0.21080108596407968
VEDL.NS,-0.21174810962945045
POWERGRID.NS,-0.21439242714534165
NESTLEIND.NS,-0.21682810544357686
ITC.NS,-0.21895974766184123
DMART.NS,-0.21954050183774557
HAL.NS,-0.221375692024627
NAUKRI.NS,-0.22260317102748192
NTPC.NS,-0.22324147141723888
MAXHEALTH.NS,-0.2288349929328248
PAGEIND.NS,-0.23037909681156515
ETERNAL.NS,-0.2336969011821376
INDIGO.NS,-0.2347376603736299
SONACOMS.NS,-0.2404089197918496
ICICIBANK.NS,-0.2535727665158167
COALINDIA.NS,-0.2535930888494271
LUPIN.NS,-0.25363590488302046
DABUR.NS,-0.2536447545083058
BEL.NS,-0.26573420799938985
HEROMOTOCO.NS,-0.26823379170977657
TATASTEEL.NS,-0.2715444596012431
NATCOPHARM.NS,-0.2728394349347788
MON100.NS,-0.2931442769908551
KIMS.NS,-0.3024053804575719
BLUESTARCO.NS,-0.3410567820121271
SBIN.NS,-0.3519930240484152
SUNPHARMA.NS,-0.38060701684845943
KOTAKBANK.NS,-0.3845142452959532
AXISBANK.NS,-0.403687506063162
HDFCBANK.NS,-0.4285402761200872
MTARTECH.NS,-0.44188725212981356
WIPRO.NS,-0.45802953921575956
TCS.NS,-0.4803825442791756
MRPL.NS,-0.5212200311919932
HCLTECH.NS,-0.5670704845916078
SUNTV.NS,-0.5855746891003231
INFY.NS,-0.5916348415007626
DIXON.NS,-0.6008074040534681
