ticker,xgb_3d_prob,ensemble_3d_prob,xgb_3d_signal,ens_1d_prob,both_agree,combined_signal
POLICYBZR.NS,65.7,64.5,🟢 STRONG BULLISH,47.1,False,🔵 3d only bullish
INDUSINDBK.NS,67.5,62.5,🟢 STRONG BULLISH,56.4,True,🟢 STRONG — Both 1d & 3d agree
IRCON.NS,63.0,59.2,🟢 STRONG BULLISH,56.1,True,🟢 STRONG — Both 1d & 3d agree
CHOLAFIN.NS,61.7,59.2,🟢 STRONG BULLISH,56.7,True,🟢 STRONG — Both 1d & 3d agree
BAJAJFINSV.NS,63.0,58.4,🟢 STRONG BULLISH,54.9,False,🔵 3d only bullish
TATAELXSI.NS,60.2,58.3,🟢 STRONG BULLISH,54.5,False,🔵 3d only bullish
SUZLON.NS,65.5,58.2,🟢 STRONG BULLISH,55.0,False,🔵 3d only bullish
SJVN.NS,59.4,58.1,🟢 STRONG BULLISH,58.2,True,🟢 STRONG — Both 1d & 3d agree
VINATIORGA.NS,61.1,57.1,🟢 STRONG BULLISH,55.1,True,🟢 STRONG — Both 1d & 3d agree
AXISBANK.NS,61.1,56.6,🟢 STRONG BULLISH,51.4,False,🔵 3d only bullish
LTM.NS,62.8,56.3,🟢 STRONG BULLISH,56.1,True,🟢 STRONG — Both 1d & 3d agree
BHARTIARTL.NS,60.1,55.8,🟢 STRONG BULLISH,57.7,True,🟢 STRONG — Both 1d & 3d agree
FORTIS.NS,54.3,55.1,🟢 STRONG BULLISH,61.0,True,🟢 STRONG — Both 1d & 3d agree
SPICEJET.NS,52.3,55.0,🟢 STRONG BULLISH,55.8,False,🟡 1d only bullish
GODREJPROP.NS,56.1,54.8,🟢 STRONG BULLISH,53.1,False,⚪ NEUTRAL
BAJFINANCE.NS,53.9,54.6,🟢 STRONG BULLISH,50.3,False,⚪ NEUTRAL
ITBEES.NS,57.0,54.6,🟢 STRONG BULLISH,54.0,False,⚪ NEUTRAL
NIFTYBEES.NS,59.2,54.5,🟢 STRONG BULLISH,55.4,False,🟡 1d only bullish
BLS.NS,61.6,54.2,🟢 STRONG BULLISH,56.4,False,🟡 1d only bullish
NAUKRI.NS,53.1,54.1,🟢 STRONG BULLISH,51.0,False,⚪ NEUTRAL
ROUTE.NS,55.9,53.9,🟢 STRONG BULLISH,59.8,False,🟡 1d only bullish
M&M.NS,55.2,53.5,🟢 STRONG BULLISH,55.7,False,🟡 1d only bullish
TIINDIA.NS,55.6,53.2,🟢 STRONG BULLISH,58.4,False,🟡 1d only bullish
AMBER.NS,57.4,53.0,🟢 STRONG BULLISH,54.3,False,⚪ NEUTRAL
MAZDOCK.NS,53.8,52.8,🟢 STRONG BULLISH,50.8,False,⚪ NEUTRAL
MRF.NS,54.3,52.5,🟢 STRONG BULLISH,54.4,False,⚪ NEUTRAL
MASTEK.NS,56.5,52.1,🟢 STRONG BULLISH,54.3,False,⚪ NEUTRAL
LTIM.NS,48.4,52.0,🟢 STRONG BULLISH,55.2,False,🟡 1d only bullish
UPL.NS,53.9,51.9,🟢 STRONG BULLISH,54.0,False,⚪ NEUTRAL
MPHASIS.NS,54.5,51.7,🟢 STRONG BULLISH,54.6,False,⚪ NEUTRAL
ADANIENSOL.NS,54.9,51.4,🟢 STRONG BULLISH,56.0,False,🟡 1d only bullish
TATACOMM.NS,50.5,51.3,🟢 STRONG BULLISH,56.9,False,🟡 1d only bullish
ADANIPOWER.NS,54.8,50.8,🟢 STRONG BULLISH,54.0,False,⚪ NEUTRAL
IEX.NS,54.6,50.4,🟢 STRONG BULLISH,55.3,False,🟡 1d only bullish
BRITANNIA.NS,59.5,50.4,🟢 STRONG BULLISH,54.1,False,⚪ NEUTRAL
ZENSARTECH.NS,50.3,50.2,🟢 STRONG BULLISH,54.8,False,⚪ NEUTRAL
PNCINFRA.NS,47.8,50.1,🟢 STRONG BULLISH,54.8,False,⚪ NEUTRAL
GRSE.NS,48.9,49.9,🟢 STRONG BULLISH,53.1,False,⚪ NEUTRAL
MINDAIND.NS,50.2,49.8,🟢 STRONG BULLISH,53.7,False,⚪ NEUTRAL
BAJAJ-AUTO.NS,51.8,49.8,🟢 STRONG BULLISH,55.6,False,🟡 1d only bullish
SOLARINDS.NS,51.1,49.7,🟢 STRONG BULLISH,47.9,False,⚪ NEUTRAL
HOMEFIRST.NS,48.4,49.7,🟢 STRONG BULLISH,56.8,False,🟡 1d only bullish
COFORGE.NS,47.9,49.7,🟢 STRONG BULLISH,50.1,False,⚪ NEUTRAL
KOTAKBANK.NS,52.7,49.6,🟢 STRONG BULLISH,56.0,False,🟡 1d only bullish
PIDILITIND.NS,50.8,49.5,🟢 STRONG BULLISH,55.7,False,🟡 1d only bullish
BDL.NS,52.0,49.5,🟢 STRONG BULLISH,51.2,False,⚪ NEUTRAL
JIOFIN.NS,48.5,49.4,🟢 STRONG BULLISH,51.0,False,⚪ NEUTRAL
NMDC.NS,48.8,49.4,🟢 STRONG BULLISH,54.3,False,⚪ NEUTRAL
BSE.NS,49.8,49.3,🟢 STRONG BULLISH,55.3,False,🟡 1d only bullish
IRCTC.NS,50.7,49.2,🟢 STRONG BULLISH,49.2,False,⚪ NEUTRAL
EASEMYTRIP.NS,54.1,49.1,🟢 STRONG BULLISH,53.4,False,⚪ NEUTRAL
MARUTI.NS,49.5,49.1,🟢 STRONG BULLISH,57.5,False,🟡 1d only bullish
KPIL.NS,46.9,49.0,🟢 STRONG BULLISH,53.1,False,⚪ NEUTRAL
ABB.NS,49.9,48.9,🟢 STRONG BULLISH,49.8,False,⚪ NEUTRAL
BHEL.NS,50.6,48.8,🟢 STRONG BULLISH,55.7,False,🟡 1d only bullish
ADANIENT.NS,50.9,48.7,🟢 STRONG BULLISH,53.7,False,⚪ NEUTRAL
ASIANPAINT.NS,51.8,48.5,🟢 STRONG BULLISH,55.3,False,🟡 1d only bullish
TMPV.NS,46.8,48.5,🟢 STRONG BULLISH,58.3,False,🟡 1d only bullish
TITAN.NS,53.6,48.4,🟢 STRONG BULLISH,53.7,False,⚪ NEUTRAL
IGL.NS,48.1,48.4,🟢 STRONG BULLISH,53.7,False,⚪ NEUTRAL
HDFCLIFE.NS,48.6,48.4,🟢 STRONG BULLISH,53.5,False,⚪ NEUTRAL
IOB.NS,51.6,48.4,🟢 STRONG BULLISH,55.1,False,🟡 1d only bullish
SYNGENE.NS,50.8,48.1,🟢 STRONG BULLISH,52.0,False,⚪ NEUTRAL
BALAMINES.NS,45.2,48.0,🟢 STRONG BULLISH,50.9,False,⚪ NEUTRAL
MRPL.NS,46.1,48.0,🟢 STRONG BULLISH,51.3,False,⚪ NEUTRAL
GOLDBEES.NS,51.9,47.8,🟢 STRONG BULLISH,54.0,False,⚪ NEUTRAL
ANGELONE.NS,45.5,47.7,🟢 STRONG BULLISH,55.7,False,🟡 1d only bullish
ALKYLAMINE.NS,46.5,47.7,🟢 STRONG BULLISH,53.1,False,⚪ NEUTRAL
NATIONALUM.NS,42.5,47.1,🟢 STRONG BULLISH,51.8,False,⚪ NEUTRAL
PERSISTENT.NS,47.3,47.0,🟢 STRONG BULLISH,50.7,False,⚪ NEUTRAL
HDFCAMC.NS,46.5,47.0,🟢 STRONG BULLISH,53.9,False,⚪ NEUTRAL
ACC.NS,47.2,47.0,🟢 STRONG BULLISH,52.6,False,⚪ NEUTRAL
APLAPOLLO.NS,47.8,46.7,🟢 STRONG BULLISH,49.2,False,⚪ NEUTRAL
TATACONSUM.NS,45.3,46.6,🟢 STRONG BULLISH,51.2,False,⚪ NEUTRAL
RELIANCE.NS,44.5,46.5,🟢 STRONG BULLISH,57.5,False,🟡 1d only bullish
JYOTHYLAB.NS,47.2,46.4,🟢 STRONG BULLISH,54.4,False,⚪ NEUTRAL
PAYTM.NS,41.8,46.4,🟢 STRONG BULLISH,55.7,False,🟡 1d only bullish
SAPPHIRE.NS,43.0,46.4,🟢 STRONG BULLISH,50.4,False,⚪ NEUTRAL
ATGL.NS,43.3,46.3,🟢 STRONG BULLISH,51.5,False,⚪ NEUTRAL
LT.NS,47.5,46.2,🟢 STRONG BULLISH,51.3,False,⚪ NEUTRAL
NTPC.NS,47.5,46.2,🟢 STRONG BULLISH,46.1,False,⚪ NEUTRAL
CUMMINSIND.NS,43.0,46.0,🟢 STRONG BULLISH,51.8,False,⚪ NEUTRAL
HUDCO.NS,42.5,45.8,🟢 STRONG BULLISH,50.5,False,⚪ NEUTRAL
HINDPETRO.NS,47.5,45.8,🟢 STRONG BULLISH,57.1,False,🟡 1d only bullish
DATAPATTNS.NS,45.6,45.8,🟢 STRONG BULLISH,49.9,False,⚪ NEUTRAL
FIVESTAR.NS,41.8,45.8,🟢 STRONG BULLISH,53.5,False,⚪ NEUTRAL
KEC.NS,48.4,45.7,🟢 STRONG BULLISH,53.6,False,⚪ NEUTRAL
SHRIRAMFIN.NS,45.9,45.6,🟢 STRONG BULLISH,53.3,False,⚪ NEUTRAL
VEDL.NS,44.1,45.6,🟢 STRONG BULLISH,48.5,False,⚪ NEUTRAL
PRESTIGE.NS,46.4,45.6,🟢 STRONG BULLISH,52.5,False,⚪ NEUTRAL
DEEPAKNTR.NS,44.7,45.6,🟢 STRONG BULLISH,55.9,False,🟡 1d only bullish
BAJAJHLDNG.NS,45.0,45.3,🟢 STRONG BULLISH,49.6,False,⚪ NEUTRAL
HAVELLS.NS,46.5,45.3,🟢 STRONG BULLISH,49.2,False,⚪ NEUTRAL
GAIL.NS,43.9,45.2,🟢 STRONG BULLISH,49.6,False,⚪ NEUTRAL
OIL.NS,40.8,45.2,🟢 STRONG BULLISH,51.9,False,⚪ NEUTRAL
MON100.NS,43.8,45.0,🟢 STRONG BULLISH,56.2,False,🟡 1d only bullish
SCHAEFFLER.NS,40.5,45.0,🟢 STRONG BULLISH,52.3,False,⚪ NEUTRAL
LUPIN.NS,41.0,45.0,🟢 STRONG BULLISH,48.5,False,⚪ NEUTRAL
VOLTAS.NS,43.8,44.9,🟢 STRONG BULLISH,51.9,False,⚪ NEUTRAL
AARTIIND.NS,40.6,44.8,🟢 STRONG BULLISH,46.9,False,⚪ NEUTRAL
ABCAPITAL.NS,39.8,44.8,🟢 STRONG BULLISH,52.4,False,⚪ NEUTRAL
TANLA.NS,44.5,44.6,🟢 STRONG BULLISH,53.3,False,⚪ NEUTRAL
CAMS.NS,40.6,44.6,🟢 STRONG BULLISH,55.3,False,🟡 1d only bullish
BALKRISIND.NS,43.3,44.6,🟢 STRONG BULLISH,51.9,False,⚪ NEUTRAL
JSWSTEEL.NS,43.6,44.6,🟢 STRONG BULLISH,52.1,False,⚪ NEUTRAL
NH.NS,40.7,44.5,🟢 STRONG BULLISH,54.9,False,⚪ NEUTRAL
YESBANK.NS,45.8,44.4,🟢 STRONG BULLISH,54.0,False,⚪ NEUTRAL
BERGEPAINT.NS,43.9,44.4,🟢 STRONG BULLISH,53.4,False,⚪ NEUTRAL
BOSCHLTD.NS,43.3,44.4,🟢 STRONG BULLISH,49.8,False,⚪ NEUTRAL
HINDUNILVR.NS,46.4,44.4,🟢 STRONG BULLISH,53.1,False,⚪ NEUTRAL
NBCC.NS,43.7,44.1,🟢 STRONG BULLISH,50.8,False,⚪ NEUTRAL
MGL.NS,39.8,43.8,🟢 STRONG BULLISH,50.7,False,⚪ NEUTRAL
SOBHA.NS,38.9,43.8,🟢 STRONG BULLISH,50.6,False,⚪ NEUTRAL
MUTHOOTFIN.NS,43.9,43.7,🟢 STRONG BULLISH,51.4,False,⚪ NEUTRAL
UBL.NS,40.4,43.7,🟢 STRONG BULLISH,48.4,False,⚪ NEUTRAL
NAVINFLUOR.NS,42.3,43.7,🟢 STRONG BULLISH,48.3,False,⚪ NEUTRAL
COLPAL.NS,43.6,43.6,🟢 STRONG BULLISH,49.8,False,⚪ NEUTRAL
SHREECEM.NS,42.0,43.4,🟢 STRONG BULLISH,48.2,False,⚪ NEUTRAL
APOLLOHOSP.NS,39.4,43.4,🟢 STRONG BULLISH,50.6,False,⚪ NEUTRAL
SIEMENS.NS,41.8,43.3,🟢 STRONG BULLISH,48.3,False,⚪ NEUTRAL
BANKBARODA.NS,43.4,43.3,🟢 STRONG BULLISH,54.6,False,⚪ NEUTRAL
PNB.NS,41.0,43.3,🟢 STRONG BULLISH,51.8,False,⚪ NEUTRAL
GODREJCP.NS,43.5,43.2,🟢 STRONG BULLISH,47.2,False,⚪ NEUTRAL
EIHOTEL.NS,38.3,43.2,🟢 STRONG BULLISH,51.2,False,⚪ NEUTRAL
HAL.NS,45.5,43.2,🟢 STRONG BULLISH,45.6,False,⚪ NEUTRAL
HINDCOPPER.NS,39.2,43.2,🟢 STRONG BULLISH,48.1,False,⚪ NEUTRAL
MARICO.NS,39.3,43.1,🟢 STRONG BULLISH,48.4,False,⚪ NEUTRAL
NYKAA.NS,36.4,43.0,🟢 STRONG BULLISH,46.8,False,⚪ NEUTRAL
AJANTPHARM.NS,43.5,43.0,🟢 STRONG BULLISH,48.2,False,⚪ NEUTRAL
GRANULES.NS,40.9,43.0,🟢 STRONG BULLISH,46.5,False,⚪ NEUTRAL
BIOCON.NS,40.7,42.9,🟢 STRONG BULLISH,46.8,False,⚪ NEUTRAL
MOTHERSON.NS,41.0,42.9,🟢 STRONG BULLISH,48.2,False,⚪ NEUTRAL
BIKAJI.NS,39.7,42.9,🟢 STRONG BULLISH,49.5,False,⚪ NEUTRAL
JPPOWER.NS,39.3,42.9,🟢 STRONG BULLISH,50.8,False,⚪ NEUTRAL
SHYAMMETL.NS,39.6,42.8,🟢 STRONG BULLISH,52.2,False,⚪ NEUTRAL
LEMONTREE.NS,38.0,42.8,🟢 STRONG BULLISH,49.3,False,⚪ NEUTRAL
INDHOTEL.NS,39.9,42.8,🟢 STRONG BULLISH,52.3,False,⚪ NEUTRAL
TIMKEN.NS,39.2,42.7,🟢 STRONG BULLISH,50.4,False,⚪ NEUTRAL
IIFL.NS,39.9,42.7,🟢 STRONG BULLISH,53.8,False,⚪ NEUTRAL
BHARATFORG.NS,42.2,42.7,🟢 STRONG BULLISH,44.3,False,⚪ NEUTRAL
CIPLA.NS,41.0,42.7,🟢 STRONG BULLISH,47.2,False,⚪ NEUTRAL
DRREDDY.NS,41.0,42.6,🟢 STRONG BULLISH,50.9,False,⚪ NEUTRAL
POWERGRID.NS,41.7,42.5,🟢 STRONG BULLISH,44.9,False,⚪ NEUTRAL
RVNL.NS,36.5,42.5,🟢 STRONG BULLISH,51.9,False,⚪ NEUTRAL
AFFLE.NS,35.3,42.4,🟢 STRONG BULLISH,46.5,False,⚪ NEUTRAL
AUROPHARMA.NS,39.0,42.4,🟢 STRONG BULLISH,47.9,False,⚪ NEUTRAL
SKFINDIA.NS,36.2,42.3,🟢 STRONG BULLISH,42.3,False,⚪ NEUTRAL
TMCV.NS,40.4,42.3,🟢 STRONG BULLISH,49.8,False,⚪ NEUTRAL
MAXHEALTH.NS,39.4,42.1,🟢 STRONG BULLISH,53.6,False,⚪ NEUTRAL
ADANIGREEN.NS,39.7,42.0,🟢 STRONG BULLISH,49.5,False,⚪ NEUTRAL
IPCALAB.NS,37.0,41.9,🟢 STRONG BULLISH,44.6,False,⚪ NEUTRAL
IRFC.NS,44.2,41.9,🟢 STRONG BULLISH,54.0,False,⚪ NEUTRAL
SONACOMS.NS,41.9,41.8,🟢 STRONG BULLISH,50.5,False,⚪ NEUTRAL
NESTLEIND.NS,42.5,41.8,🟢 STRONG BULLISH,50.7,False,⚪ NEUTRAL
TATASTEEL.NS,38.5,41.4,🟢 STRONG BULLISH,52.1,False,⚪ NEUTRAL
DMART.NS,42.5,41.4,🟢 STRONG BULLISH,50.3,False,⚪ NEUTRAL
UTIAMC.NS,35.7,41.2,🟢 STRONG BULLISH,49.7,False,⚪ NEUTRAL
LICI.NS,37.9,41.1,🟢 STRONG BULLISH,47.9,False,⚪ NEUTRAL
ETERNAL.NS,38.7,41.0,🟢 STRONG BULLISH,53.0,False,⚪ NEUTRAL
TATAPOWER.NS,36.4,40.6,🟢 STRONG BULLISH,48.3,False,⚪ NEUTRAL
KAYNES.NS,34.7,40.5,🟢 STRONG BULLISH,41.2,False,⚪ NEUTRAL
ULTRACEMCO.NS,38.3,40.5,🟢 STRONG BULLISH,49.0,False,⚪ NEUTRAL
OLAELEC.NS,39.5,40.5,🟢 STRONG BULLISH,52.2,False,⚪ NEUTRAL
BLUESTARCO.NS,35.8,40.5,🟢 STRONG BULLISH,45.8,False,⚪ NEUTRAL
INDIGO.NS,41.0,40.4,🟢 STRONG BULLISH,48.5,False,⚪ NEUTRAL
OBEROIRLTY.NS,37.9,40.3,🟢 STRONG BULLISH,50.3,False,⚪ NEUTRAL
EMAMILTD.NS,36.3,40.3,🟢 STRONG BULLISH,48.5,False,⚪ NEUTRAL
HEROMOTOCO.NS,36.2,40.2,🟢 STRONG BULLISH,52.5,False,⚪ NEUTRAL
DLF.NS,36.7,40.1,🟢 STRONG BULLISH,48.5,False,⚪ NEUTRAL
ALKEM.NS,33.9,39.9,🟢 STRONG BULLISH,50.1,False,⚪ NEUTRAL
LODHA.NS,35.1,39.9,🟢 STRONG BULLISH,47.6,False,⚪ NEUTRAL
MANKIND.NS,36.4,39.8,🟢 STRONG BULLISH,49.0,False,⚪ NEUTRAL
BANSALWIRE.NS,35.6,39.5,🟢 STRONG BULLISH,49.5,False,⚪ NEUTRAL
HINDALCO.NS,35.6,39.4,🟢 STRONG BULLISH,49.4,False,⚪ NEUTRAL
COALINDIA.NS,38.2,39.3,🟢 STRONG BULLISH,46.0,False,⚪ NEUTRAL
MANAPPURAM.NS,32.4,39.3,🟢 STRONG BULLISH,45.2,False,⚪ NEUTRAL
SAIL.NS,37.3,39.3,🟢 STRONG BULLISH,44.7,False,⚪ NEUTRAL
LAURUSLABS.NS,34.5,39.2,🟢 STRONG BULLISH,48.1,False,⚪ NEUTRAL
DABUR.NS,33.8,39.0,🟢 STRONG BULLISH,50.3,False,⚪ NEUTRAL
ADANIPORTS.NS,34.2,38.8,🟢 STRONG BULLISH,50.2,False,⚪ NEUTRAL
BPCL.NS,33.4,38.7,🟢 STRONG BULLISH,50.7,False,⚪ NEUTRAL
NHPC.NS,31.7,38.6,🟢 STRONG BULLISH,48.6,False,⚪ NEUTRAL
WESTLIFE.NS,31.5,38.6,🟢 STRONG BULLISH,50.7,False,⚪ NEUTRAL
SUNPHARMA.NS,34.9,38.2,🟢 STRONG BULLISH,46.0,False,⚪ NEUTRAL
ZYDUSLIFE.NS,35.0,38.2,🟢 STRONG BULLISH,48.0,False,⚪ NEUTRAL
IOC.NS,33.4,38.1,🟢 STRONG BULLISH,51.3,False,⚪ NEUTRAL
PHOENIXLTD.NS,33.1,37.8,🟢 STRONG BULLISH,50.9,False,⚪ NEUTRAL
BEL.NS,33.7,37.4,🟢 STRONG BULLISH,46.3,False,⚪ NEUTRAL
VBL.NS,34.9,37.3,🟢 STRONG BULLISH,49.6,False,⚪ NEUTRAL
ICICIBANK.NS,35.1,37.0,🟢 STRONG BULLISH,51.6,False,⚪ NEUTRAL
KIMS.NS,30.5,36.7,🟢 STRONG BULLISH,48.2,False,⚪ NEUTRAL
PAGEIND.NS,34.6,36.6,🟢 STRONG BULLISH,48.1,False,⚪ NEUTRAL
ITC.NS,34.7,36.5,🟢 STRONG BULLISH,52.3,False,⚪ NEUTRAL
ABBOTINDIA.NS,33.1,36.4,🟢 STRONG BULLISH,46.5,False,⚪ NEUTRAL
NATCOPHARM.NS,27.6,36.1,🟢 STRONG BULLISH,44.2,False,⚪ NEUTRAL
NAM-INDIA.NS,26.9,34.9,🟢 STRONG BULLISH,45.2,False,⚪ NEUTRAL
SBIN.NS,34.2,34.9,🟢 STRONG BULLISH,47.6,False,⚪ NEUTRAL
SUNTV.NS,33.0,34.4,🟢 STRONG BULLISH,46.5,False,⚪ NEUTRAL
TCS.NS,27.9,33.1,🟢 STRONG BULLISH,33.2,False,⚪ NEUTRAL
RADICO.NS,26.9,33.0,🟢 STRONG BULLISH,48.9,False,⚪ NEUTRAL
JUBLFOOD.NS,22.9,32.3,🟢 STRONG BULLISH,40.4,False,⚪ NEUTRAL
DELTACORP.NS,25.1,32.2,🟢 STRONG BULLISH,47.9,False,⚪ NEUTRAL
INFY.NS,27.2,31.5,🟢 STRONG BULLISH,35.6,False,⚪ NEUTRAL
HDFCBANK.NS,21.6,29.0,🟢 STRONG BULLISH,46.7,False,⚪ NEUTRAL
WIPRO.NS,22.7,28.5,🟢 STRONG BULLISH,28.5,False,⚪ NEUTRAL
ONGC.NS,20.7,28.0,🟢 STRONG BULLISH,50.4,False,⚪ NEUTRAL
DIXON.NS,22.2,27.1,🟢 STRONG BULLISH,34.9,False,⚪ NEUTRAL
HCLTECH.NS,16.3,25.8,🟢 STRONG BULLISH,28.2,False,⚪ NEUTRAL
