ticker,pos_day_streak,xgb_correct_streak,ss_correct_streak,pos_days_10d,win_rate_10d,total_settled
SUNTV.NS,3,0,0,5,40.0,27
MRPL.NS,3,0,0,6,50.0,12
ATGL.NS,2,0,0,3,50.0,24
ADANIGREEN.NS,2,0,1,6,40.0,30
APLAPOLLO.NS,2,0,3,6,40.0,28
AJANTPHARM.NS,2,0,0,5,50.0,26
DMART.NS,2,0,0,5,40.0,28
COFORGE.NS,2,0,0,4,40.0,27
CPSEETF.NS,2,0,0,3,30.0,10
BLS.NS,2,0,0,7,70.0,19
COALINDIA.NS,2,0,0,5,40.0,29
HINDPETRO.NS,2,0,0,5,50.0,10
DELTACORP.NS,2,0,0,5,40.0,24
LTM.NS,2,0,0,3,60.0,29
SOLARINDS.NS,2,0,0,8,10.0,29
TATACOMM.NS,2,0,0,3,60.0,23
TECHM.NS,2,0,0,6,50.0,21
SIEMENS.NS,2,0,0,5,40.0,27
IRCON.NS,2,0,0,6,20.0,20
SHREECEM.NS,2,0,0,5,50.0,30
SAPPHIRE.NS,2,0,0,4,60.0,24
KOTAKBANK.NS,2,0,0,6,40.0,29
NMDC.NS,2,0,0,6,50.0,26
MGL.NS,2,0,0,4,50.0,24
MTARTECH.NS,2,0,0,6,30.0,18
NBCC.NS,2,0,5,6,30.0,28
IPCALAB.NS,2,0,2,7,20.0,11
KPIL.NS,2,0,0,6,40.0,22
LT.NS,2,0,0,6,40.0,27
ADANIENSOL.NS,2,0,0,5,40.0,28
INDHOTEL.NS,2,0,0,3,60.0,23
IOC.NS,2,0,0,5,30.0,31
AARTIIND.NS,2,0,0,4,50.0,35
ANGELONE.NS,1,0,0,4,40.0,31
IGL.NS,1,0,0,5,40.0,23
HDFCAMC.NS,1,0,0,5,70.0,27
HINDCOPPER.NS,1,0,2,6,50.0,31
HEROMOTOCO.NS,1,0,0,5,60.0,29
HINDUNILVR.NS,1,0,0,4,40.0,31
ICICIBANK.NS,1,0,0,2,60.0,28
HUDCO.NS,1,0,0,4,30.0,27
HOMEFIRST.NS,1,0,0,2,60.0,24
GOLDBEES.NS,1,0,0,5,30.0,30
IEX.NS,1,0,0,5,30.0,33
HCLTECH.NS,1,0,0,4,50.0,27
HAL.NS,1,0,0,6,50.0,31
FIVESTAR.NS,1,0,0,4,60.0,21
GAIL.NS,1,0,0,4,50.0,28
BIOCON.NS,1,0,0,5,40.0,25
PNB.NS,1,0,0,5,50.0,28
SBIN.NS,1,0,0,3,60.0,29
SONACOMS.NS,1,0,0,6,40.0,18
UPL.NS,1,0,0,4,50.0,27
ULTRACEMCO.NS,1,0,0,6,30.0,28
VBL.NS,1,0,2,8,20.0,27
YESBANK.NS,1,0,0,5,40.0,29
WIPRO.NS,1,0,0,2,80.0,27
VINATIORGA.NS,1,0,0,3,50.0,19
TORNTPOWER.NS,1,0,0,5,50.0,30
TMPV.NS,1,0,0,3,30.0,18
TCS.NS,1,0,0,2,90.0,27
TIMKEN.NS,1,0,0,5,50.0,23
TANLA.NS,1,0,0,3,50.0,8
TATATECH.NS,1,0,0,3,60.0,26
OBEROIRLTY.NS,1,0,0,6,50.0,30
MARICO.NS,1,0,0,5,50.0,22
ITC.NS,1,0,0,4,50.0,30
LEMONTREE.NS,1,0,0,6,40.0,19
JPPOWER.NS,1,0,0,3,60.0,27
OLAELEC.NS,1,0,0,3,70.0,16
NAM-INDIA.NS,1,0,1,4,40.0,28
KAYNES.NS,1,0,0,6,40.0,31
JYOTHYLAB.NS,1,0,0,4,60.0,34
MARUTI.NS,1,0,0,5,20.0,31
MUTHOOTFIN.NS,1,0,0,3,50.0,28
MOTHERSON.NS,1,0,0,4,60.0,19
MASTEK.NS,1,0,0,2,50.0,19
M&M.NS,1,0,0,4,40.0,28
ABB.NS,1,0,0,5,60.0,31
ADANIPOWER.NS,1,0,0,6,30.0,27
ACC.NS,1,0,0,3,60.0,27
AMBER.NS,1,0,0,6,30.0,31
BANKBARODA.NS,1,0,0,5,30.0,28
EASEMYTRIP.NS,1,0,0,6,60.0,16
DLF.NS,1,0,0,8,30.0,31
CAMS.NS,1,0,0,5,30.0,30
BPCL.NS,1,0,0,6,50.0,30
DIXON.NS,1,0,0,7,40.0,27
DIVISLAB.NS,1,0,0,4,37.5,8
DABUR.NS,1,0,0,5,50.0,30
BOSCHLTD.NS,1,0,0,5,50.0,23
AFFLE.NS,1,0,0,3,70.0,16
BERGEPAINT.NS,1,0,0,6,30.0,32
BDL.NS,1,0,0,5,60.0,24
AXISBANK.NS,1,0,0,5,50.0,32
BAJAJ-AUTO.NS,1,0,0,4,20.0,28
BAJAJHLDNG.NS,1,0,0,5,40.0,21
ABCAPITAL.NS,1,0,0,4,70.0,24
UTIAMC.NS,1,0,0,1,90.0,17
RADICO.NS,1,0,0,4,50.0,32
PRESTIGE.NS,1,0,0,6,50.0,29
PNCINFRA.NS,1,0,0,2,70.0,20
PHOENIXLTD.NS,1,0,0,7,40.0,20
RELIANCE.NS,1,0,0,4,50.0,28
SAIL.NS,1,0,0,5,70.0,29
RVNL.NS,1,0,0,5,50.0,30
PERSISTENT.NS,1,0,0,5,60.0,33
MAZDOCK.NS,1,0,0,3,40.0,31
MPHASIS.NS,1,0,0,2,60.0,24
LICI.NS,1,0,0,5,60.0,28
IOB.NS,1,0,1,5,30.0,29
INDUSINDBK.NS,1,0,0,4,40.0,29
IRCTC.NS,1,0,0,3,70.0,31
INDIGO.NS,1,0,0,7,30.0,32
ROUTE.NS,1,0,2,3,62.5,8
PIDILITIND.NS,1,0,0,2,40.0,21
CIPLA.NS,0,1,1,5,50.0,31
HINDALCO.NS,0,1,1,5,40.0,31
HDFCLIFE.NS,0,3,3,5,50.0,27
HDFCBANK.NS,0,3,3,4,60.0,30
EMAMILTD.NS,0,5,2,4,60.0,19
EICHERMOT.NS,0,2,1,3,50.0,26
FORTIS.NS,0,1,7,3,80.0,24
ETERNAL.NS,0,5,5,5,50.0,29
EIHOTEL.NS,0,1,1,4,40.0,21
GODREJCP.NS,0,3,3,5,40.0,26
GRANULES.NS,0,1,3,6,30.0,24
GODREJPROP.NS,0,2,3,6,40.0,31
GRSE.NS,0,2,6,3,70.0,31
HAVELLS.NS,0,2,3,4,50.0,31
BHEL.NS,0,2,1,3,70.0,31
BIKAJI.NS,0,4,4,2,70.0,18
AMBUJACEM.NS,0,6,6,2,80.0,13
ADANIPORTS.NS,0,1,0,6,40.0,31
ADANIENT.NS,0,1,1,5,50.0,31
ABBOTINDIA.NS,0,1,0,4,60.0,23
ALKEM.NS,0,1,1,3,80.0,29
AUROPHARMA.NS,0,1,0,4,60.0,31
BAJAJFINSV.NS,0,2,3,4,60.0,36
APOLLOHOSP.NS,0,5,5,3,70.0,31
ASIANPAINT.NS,0,2,1,6,40.0,29
BAJFINANCE.NS,0,2,0,4,40.0,29
BALKRISIND.NS,0,1,1,3,60.0,26
BALAMINES.NS,0,4,5,3,60.0,20
BANSALWIRE.NS,0,1,1,5,40.0,30
BEL.NS,0,1,1,5,50.0,28
ALKYLAMINE.NS,0,1,1,5,60.0,23
CHOLAFIN.NS,0,1,5,4,40.0,24
CESC.NS,0,3,3,1,60.0,12
BSE.NS,0,1,1,3,60.0,32
BRIGADE.NS,0,0,2,2,60.0,19
BRITANNIA.NS,0,1,3,5,40.0,29
BHARTIARTL.NS,0,2,0,4,50.0,29
BLUESTARCO.NS,0,2,0,5,50.0,32
BHARATFORG.NS,0,4,4,5,70.0,30
CUMMINSIND.NS,0,2,2,2,60.0,31
COCHINSHIP.NS,0,2,2,4,30.0,30
COLPAL.NS,0,3,1,3,60.0,31
DATAPATTNS.NS,0,1,2,4,40.0,30
DEEPAKNTR.NS,0,4,4,1,40.0,13
DEVYANI.NS,0,0,4,5,40.0,22
DRREDDY.NS,0,1,1,7,40.0,30
IIFL.NS,0,1,1,6,50.0,22
IDEA.NS,0,2,3,4,50.0,27
HINDZINC.NS,0,1,1,5,40.0,19
NYKAA.NS,0,1,1,1,70.0,23
NHPC.NS,0,5,5,3,70.0,25
NAVINFLUOR.NS,0,2,2,3,70.0,26
NIFTYBEES.NS,0,0,2,5,40.0,19
NTPC.NS,0,4,4,4,60.0,29
NATCOPHARM.NS,0,1,0,3,50.0,10
NATIONALUM.NS,0,3,3,5,60.0,22
NAUKRI.NS,0,2,3,4,70.0,28
MANAPPURAM.NS,0,1,1,5,50.0,18
MAXHEALTH.NS,0,1,4,4,50.0,20
MON100.NS,0,0,1,5,60.0,15
NESTLEIND.NS,0,2,3,4,60.0,29
NH.NS,0,1,5,3,60.0,25
MANKIND.NS,0,1,1,5,50.0,26
KIMS.NS,0,1,1,6,40.0,23
JUBLFOOD.NS,0,2,0,6,30.0,21
JINDALSTEL.NS,0,1,1,5,60.0,30
INDIAMART.NS,0,0,3,3,30.0,18
INFY.NS,0,7,10,0,90.0,27
IRFC.NS,0,1,1,4,40.0,31
ITBEES.NS,0,1,8,0,87.5,8
JIOFIN.NS,0,2,0,5,40.0,35
LAURUSLABS.NS,0,1,1,7,40.0,30
LODHA.NS,0,1,1,5,60.0,24
JSWSTEEL.NS,0,3,2,5,50.0,28
KEC.NS,0,1,4,4,50.0,19
LUPIN.NS,0,1,1,5,50.0,32
MMTC.NS,0,4,0,1,50.0,15
MRF.NS,0,2,4,2,40.0,21
OIL.NS,0,5,4,3,80.0,24
SRF.NS,0,1,1,6,50.0,14
SUNPHARMA.NS,0,1,1,4,60.0,29
SOBHA.NS,0,2,2,2,30.0,10
SJVN.NS,0,1,5,1,60.0,31
SHRIRAMFIN.NS,0,1,0,5,40.0,22
SKFINDIA.NS,0,2,4,3,60.0,24
SILVERBEES.NS,0,0,1,6,40.0,29
SCHAEFFLER.NS,0,5,8,3,60.0,24
ONGC.NS,0,1,1,4,60.0,28
POLICYBZR.NS,0,2,1,5,40.0,24
PAYTM.NS,0,2,0,3,70.0,31
PAGEIND.NS,0,3,0,5,40.0,26
POWERGRID.NS,0,3,3,4,60.0,31
SHYAMMETL.NS,0,1,1,4,60.0,22
SYNGENE.NS,0,2,5,2,70.0,23
TMCV.NS,0,2,3,2,70.0,28
TITAN.NS,0,2,4,3,50.0,29
TIINDIA.NS,0,1,5,3,40.0,43
SUZLON.NS,0,1,1,3,50.0,29
TATACONSUM.NS,0,1,0,4,50.0,35
TATAELXSI.NS,0,2,4,3,80.0,25
TATAPOWER.NS,0,3,2,3,70.0,28
TATASTEEL.NS,0,1,1,6,30.0,30
TRENT.NS,0,1,7,2,50.0,16
TORNTPHARM.NS,0,1,3,3,70.0,31
UBL.NS,0,5,4,3,70.0,38
VEDL.NS,0,1,1,5,60.0,28
WESTLIFE.NS,0,1,1,6,40.0,21
VOLTAS.NS,0,3,1,4,60.0,20
ZENSARTECH.NS,0,1,1,2,80.0,16
ZYDUSLIFE.NS,0,2,2,8,20.0,31
