ticker,total_signals,ss_acc_overall,ss_acc_10d,ss_trust,xgb_acc_overall,xgb_acc_10d,xgb_trust,combined_acc,combined_trust,xgb_3d_acc,ens_3d_acc,best_signal
ZENSARTECH.NS,17,76.5,70.0,✅ TRUST,88.2,90.0,✅ TRUST,88.2,✅ TRUST,75.0,75.0,XGBoost
TIINDIA.NS,47,83.0,80.0,✅ TRUST,27.7,40.0,❌ WEAK,85.1,✅ TRUST,88.6,88.6,Combined
ITBEES.NS,12,83.3,80.0,✅ TRUST,75.0,70.0,✅ TRUST,83.3,✅ TRUST,70.0,70.0,SmartScore
LUPIN.NS,34,82.4,60.0,✅ TRUST,70.6,60.0,✅ TRUST,82.4,✅ TRUST,68.8,65.6,SmartScore
MPHASIS.NS,26,73.1,60.0,✅ TRUST,65.4,40.0,✅ TRUST,80.8,✅ TRUST,45.8,62.5,Combined
SOBHA.NS,10,80.0,80.0,✅ TRUST,30.0,30.0,❌ WEAK,80.0,✅ TRUST,70.0,60.0,SmartScore
MMTC.NS,15,46.7,50.0,❌ WEAK,60.0,50.0,✅ TRUST,80.0,✅ TRUST,73.3,73.3,Combined
TATATECH.NS,30,80.0,60.0,✅ TRUST,33.3,40.0,❌ WEAK,80.0,✅ TRUST,88.9,88.9,SmartScore
BIKAJI.NS,20,80.0,70.0,✅ TRUST,45.0,70.0,❌ WEAK,80.0,✅ TRUST,72.2,72.2,SmartScore
MASTEK.NS,23,82.6,60.0,✅ TRUST,65.2,20.0,✅ TRUST,78.3,✅ TRUST,60.0,70.0,SmartScore
NHPC.NS,27,77.8,90.0,✅ TRUST,48.1,70.0,❌ WEAK,77.8,✅ TRUST,61.5,61.5,SmartScore
BAJAJFINSV.NS,40,75.0,60.0,✅ TRUST,47.5,30.0,❌ WEAK,77.5,✅ TRUST,56.8,62.2,Combined
TCS.NS,31,77.4,60.0,✅ TRUST,67.7,60.0,✅ TRUST,77.4,✅ TRUST,75.0,75.0,SmartScore
NESTLEIND.NS,31,74.2,60.0,✅ TRUST,45.2,60.0,❌ WEAK,77.4,✅ TRUST,51.7,69.0,Combined
IOC.NS,35,77.1,60.0,✅ TRUST,60.0,50.0,✅ TRUST,77.1,✅ TRUST,81.2,81.2,SmartScore
AMBUJACEM.NS,13,76.9,80.0,✅ TRUST,69.2,80.0,✅ TRUST,76.9,✅ TRUST,92.3,92.3,SmartScore
DEEPAKNTR.NS,17,76.5,60.0,✅ TRUST,41.2,70.0,❌ WEAK,76.5,✅ TRUST,92.9,92.9,SmartScore
BPCL.NS,34,76.5,70.0,✅ TRUST,73.5,70.0,✅ TRUST,76.5,✅ TRUST,74.2,77.4,SmartScore
INDHOTEL.NS,25,76.0,60.0,✅ TRUST,68.0,50.0,✅ TRUST,76.0,✅ TRUST,34.8,47.8,SmartScore
SKFINDIA.NS,28,60.7,70.0,✅ TRUST,50.0,70.0,❌ WEAK,75.0,✅ TRUST,68.0,76.0,Combined
TRENT.NS,20,75.0,80.0,✅ TRUST,45.0,40.0,❌ WEAK,75.0,✅ TRUST,52.9,58.8,SmartScore
BALKRISIND.NS,28,50.0,60.0,❌ WEAK,60.7,60.0,✅ TRUST,75.0,✅ TRUST,73.1,76.9,Combined
TATACONSUM.NS,39,71.8,60.0,✅ TRUST,64.1,60.0,✅ TRUST,74.4,✅ TRUST,80.6,80.6,Combined
CIPLA.NS,35,71.4,60.0,✅ TRUST,62.9,70.0,✅ TRUST,74.3,✅ TRUST,71.9,68.8,Combined
INFY.NS,31,74.2,90.0,✅ TRUST,71.0,90.0,✅ TRUST,74.2,✅ TRUST,67.9,67.9,SmartScore
ALKEM.NS,31,77.4,70.0,✅ TRUST,54.8,70.0,🟡 MODERATE,74.2,✅ TRUST,65.5,69.0,SmartScore
SYNGENE.NS,27,66.7,80.0,✅ TRUST,51.9,70.0,❌ WEAK,74.1,✅ TRUST,79.2,75.0,Combined
VINATIORGA.NS,23,73.9,70.0,✅ TRUST,43.5,50.0,❌ WEAK,73.9,✅ TRUST,45.0,55.0,SmartScore
BRIGADE.NS,19,57.9,40.0,🟡 MODERATE,52.6,60.0,❌ WEAK,73.7,✅ TRUST,89.5,94.7,Combined
CHOLAFIN.NS,26,73.1,60.0,✅ TRUST,42.3,30.0,❌ WEAK,73.1,✅ TRUST,37.5,37.5,SmartScore
PNCINFRA.NS,22,72.7,70.0,✅ TRUST,45.5,50.0,❌ WEAK,72.7,✅ TRUST,65.0,65.0,SmartScore
INDUSINDBK.NS,33,72.7,70.0,✅ TRUST,54.5,40.0,🟡 MODERATE,72.7,✅ TRUST,60.0,56.7,SmartScore
SUNPHARMA.NS,33,69.7,60.0,✅ TRUST,48.5,60.0,❌ WEAK,72.7,✅ TRUST,60.0,73.3,Combined
UBL.NS,40,72.5,80.0,✅ TRUST,40.0,80.0,❌ WEAK,72.5,✅ TRUST,84.2,84.2,SmartScore
TATAELXSI.NS,29,69.0,60.0,✅ TRUST,62.1,70.0,✅ TRUST,72.4,✅ TRUST,69.2,73.1,Combined
LODHA.NS,25,72.0,50.0,✅ TRUST,48.0,50.0,❌ WEAK,72.0,✅ TRUST,70.8,62.5,SmartScore
HAVELLS.NS,35,68.6,40.0,✅ TRUST,34.3,30.0,❌ WEAK,71.4,✅ TRUST,65.6,78.1,Combined
COLPAL.NS,35,71.4,50.0,✅ TRUST,65.7,40.0,✅ TRUST,71.4,✅ TRUST,68.8,68.8,SmartScore
HINDALCO.NS,35,71.4,60.0,✅ TRUST,37.1,40.0,❌ WEAK,71.4,✅ TRUST,53.1,50.0,SmartScore
LTM.NS,31,64.5,60.0,✅ TRUST,64.5,50.0,✅ TRUST,71.0,✅ TRUST,69.0,72.4,Combined
HEROMOTOCO.NS,31,41.9,30.0,❌ WEAK,54.8,50.0,🟡 MODERATE,71.0,✅ TRUST,75.9,69.0,Combined
HDFCAMC.NS,31,61.3,40.0,✅ TRUST,51.6,50.0,❌ WEAK,71.0,✅ TRUST,78.6,82.1,Combined
HCLTECH.NS,31,71.0,60.0,✅ TRUST,58.1,60.0,🟡 MODERATE,71.0,✅ TRUST,64.3,67.9,SmartScore
SONACOMS.NS,20,65.0,50.0,✅ TRUST,40.0,50.0,❌ WEAK,70.0,✅ TRUST,36.8,36.8,Combined
MANKIND.NS,30,66.7,40.0,✅ TRUST,63.3,60.0,✅ TRUST,70.0,✅ TRUST,66.7,66.7,Combined
ULTRACEMCO.NS,30,70.0,50.0,✅ TRUST,46.7,40.0,❌ WEAK,70.0,✅ TRUST,53.6,60.7,SmartScore
GODREJCP.NS,30,83.3,80.0,✅ TRUST,66.7,60.0,✅ TRUST,70.0,✅ TRUST,70.4,74.1,SmartScore
SAIL.NS,33,66.7,50.0,✅ TRUST,69.7,60.0,✅ TRUST,69.7,✅ TRUST,60.0,60.0,XGBoost
BRITANNIA.NS,33,66.7,70.0,✅ TRUST,45.5,40.0,❌ WEAK,69.7,✅ TRUST,63.3,76.7,Combined
GODREJPROP.NS,33,72.7,60.0,✅ TRUST,36.4,40.0,❌ WEAK,69.7,✅ TRUST,64.5,74.2,SmartScore
BAJAJHLDNG.NS,23,65.2,50.0,✅ TRUST,34.8,50.0,❌ WEAK,69.6,✅ TRUST,52.4,57.1,Combined
SCHAEFFLER.NS,26,76.9,100.0,✅ TRUST,46.2,80.0,❌ WEAK,69.2,✅ TRUST,75.0,79.2,SmartScore
CESC.NS,13,69.2,80.0,✅ TRUST,69.2,70.0,✅ TRUST,69.2,✅ TRUST,33.3,33.3,SmartScore
BDL.NS,26,69.2,60.0,✅ TRUST,53.8,60.0,🟡 MODERATE,69.2,✅ TRUST,79.2,75.0,SmartScore
BIOCON.NS,26,76.9,60.0,✅ TRUST,38.5,40.0,❌ WEAK,69.2,✅ TRUST,72.0,64.0,SmartScore
SAPPHIRE.NS,26,65.4,70.0,✅ TRUST,50.0,70.0,❌ WEAK,69.2,✅ TRUST,54.2,70.8,Combined
TMCV.NS,32,68.8,70.0,✅ TRUST,68.8,50.0,✅ TRUST,68.8,✅ TRUST,69.0,69.0,SmartScore
LICI.NS,32,62.5,60.0,✅ TRUST,65.6,60.0,✅ TRUST,68.8,✅ TRUST,62.1,65.5,Combined
M&M.NS,32,75.0,80.0,✅ TRUST,43.8,30.0,❌ WEAK,68.8,✅ TRUST,82.8,79.3,SmartScore
GRSE.NS,35,71.4,80.0,✅ TRUST,57.1,60.0,🟡 MODERATE,68.6,✅ TRUST,56.2,53.1,SmartScore
MAZDOCK.NS,35,68.6,60.0,✅ TRUST,51.4,40.0,❌ WEAK,68.6,✅ TRUST,71.9,78.1,SmartScore
PIDILITIND.NS,25,80.0,60.0,✅ TRUST,28.0,40.0,❌ WEAK,68.0,✅ TRUST,77.3,86.4,SmartScore
EICHERMOT.NS,28,71.4,70.0,✅ TRUST,60.7,60.0,✅ TRUST,67.9,✅ TRUST,61.5,65.4,SmartScore
DELTACORP.NS,28,60.7,30.0,✅ TRUST,64.3,30.0,✅ TRUST,67.9,✅ TRUST,56.0,60.0,Combined
WIPRO.NS,31,67.7,60.0,✅ TRUST,58.1,60.0,🟡 MODERATE,67.7,✅ TRUST,78.6,78.6,SmartScore
BERGEPAINT.NS,34,70.6,60.0,✅ TRUST,47.1,30.0,❌ WEAK,67.6,✅ TRUST,59.4,59.4,SmartScore
MRF.NS,21,57.1,50.0,🟡 MODERATE,47.6,40.0,❌ WEAK,66.7,✅ TRUST,81.0,76.2,Combined
BAJAJ-AUTO.NS,30,60.0,60.0,✅ TRUST,53.3,30.0,🟡 MODERATE,66.7,✅ TRUST,78.6,85.7,Combined
BAJFINANCE.NS,33,63.6,40.0,✅ TRUST,51.5,40.0,❌ WEAK,66.7,✅ TRUST,66.7,66.7,Combined
ABBOTINDIA.NS,27,37.0,50.0,❌ WEAK,66.7,80.0,✅ TRUST,66.7,✅ TRUST,62.5,62.5,XGBoost
RADICO.NS,36,66.7,70.0,✅ TRUST,50.0,30.0,❌ WEAK,66.7,✅ TRUST,66.7,69.7,SmartScore
OLAELEC.NS,18,61.1,60.0,✅ TRUST,55.6,70.0,🟡 MODERATE,66.7,✅ TRUST,64.7,58.8,Combined
INDIAMART.NS,18,66.7,70.0,✅ TRUST,27.8,30.0,❌ WEAK,66.7,✅ TRUST,55.6,66.7,SmartScore
SJVN.NS,35,51.4,90.0,❌ WEAK,54.3,30.0,🟡 MODERATE,65.7,✅ TRUST,56.2,46.9,Combined
IRFC.NS,35,65.7,70.0,✅ TRUST,45.7,50.0,❌ WEAK,65.7,✅ TRUST,65.6,65.6,SmartScore
BHARATFORG.NS,32,65.6,70.0,✅ TRUST,56.2,80.0,🟡 MODERATE,65.6,✅ TRUST,43.3,46.7,SmartScore
OBEROIRLTY.NS,32,62.5,60.0,✅ TRUST,56.2,50.0,🟡 MODERATE,65.6,✅ TRUST,73.3,76.7,Combined
SHREECEM.NS,32,62.5,70.0,✅ TRUST,68.8,60.0,✅ TRUST,65.6,✅ TRUST,66.7,70.0,XGBoost
DMART.NS,32,59.4,40.0,🟡 MODERATE,43.8,40.0,❌ WEAK,65.6,✅ TRUST,65.5,65.5,Combined
OIL.NS,26,61.5,80.0,✅ TRUST,69.2,70.0,✅ TRUST,65.4,✅ TRUST,66.7,66.7,XGBoost
ALKYLAMINE.NS,23,65.2,50.0,✅ TRUST,52.2,60.0,❌ WEAK,65.2,✅ TRUST,56.5,82.6,SmartScore
NIFTYBEES.NS,23,65.2,80.0,✅ TRUST,56.5,70.0,🟡 MODERATE,65.2,✅ TRUST,66.7,76.2,SmartScore
JPPOWER.NS,31,61.3,50.0,✅ TRUST,74.2,60.0,✅ TRUST,64.5,✅ TRUST,57.1,53.6,XGBoost
NTPC.NS,31,61.3,60.0,✅ TRUST,67.7,60.0,✅ TRUST,64.5,✅ TRUST,44.8,51.7,XGBoost
LT.NS,31,64.5,50.0,✅ TRUST,61.3,30.0,✅ TRUST,64.5,✅ TRUST,57.1,60.7,SmartScore
UPL.NS,31,64.5,60.0,✅ TRUST,67.7,50.0,✅ TRUST,64.5,✅ TRUST,75.0,75.0,XGBoost
NATCOPHARM.NS,14,57.1,50.0,🟡 MODERATE,50.0,60.0,❌ WEAK,64.3,✅ TRUST,54.5,54.5,Combined
FORTIS.NS,28,67.9,90.0,✅ TRUST,64.3,80.0,✅ TRUST,64.3,✅ TRUST,64.0,64.0,SmartScore
TATACOMM.NS,25,72.0,60.0,✅ TRUST,48.0,60.0,❌ WEAK,64.0,✅ TRUST,26.1,30.4,SmartScore
BSE.NS,36,63.9,50.0,✅ TRUST,66.7,60.0,✅ TRUST,63.9,✅ TRUST,57.6,57.6,XGBoost
SUZLON.NS,33,54.5,70.0,🟡 MODERATE,66.7,50.0,✅ TRUST,63.6,✅ TRUST,50.0,50.0,XGBoost
AMBER.NS,33,60.6,60.0,✅ TRUST,48.5,40.0,❌ WEAK,63.6,✅ TRUST,61.3,74.2,Combined
SBIN.NS,33,63.6,40.0,✅ TRUST,54.5,40.0,🟡 MODERATE,63.6,✅ TRUST,86.7,83.3,SmartScore
MARUTI.NS,33,60.6,50.0,✅ TRUST,48.5,10.0,❌ WEAK,63.6,✅ TRUST,48.4,54.8,Combined
TORNTPHARM.NS,33,60.6,90.0,✅ TRUST,57.6,80.0,🟡 MODERATE,63.6,✅ TRUST,29.0,25.8,Combined
APLAPOLLO.NS,30,66.7,70.0,✅ TRUST,53.3,60.0,🟡 MODERATE,63.3,✅ TRUST,60.7,60.7,SmartScore
BOSCHLTD.NS,27,63.0,80.0,✅ TRUST,66.7,80.0,✅ TRUST,63.0,✅ TRUST,33.3,41.7,XGBoost
CUMMINSIND.NS,35,62.9,60.0,✅ TRUST,57.1,70.0,🟡 MODERATE,62.9,✅ TRUST,56.2,53.1,SmartScore
TATAPOWER.NS,32,62.5,60.0,✅ TRUST,56.2,60.0,🟡 MODERATE,62.5,✅ TRUST,48.3,55.2,SmartScore
RELIANCE.NS,32,62.5,50.0,✅ TRUST,56.2,30.0,🟡 MODERATE,62.5,✅ TRUST,75.9,79.3,SmartScore
BEL.NS,32,62.5,60.0,✅ TRUST,56.2,60.0,🟡 MODERATE,62.5,✅ TRUST,62.1,62.1,SmartScore
VEDL.NS,32,62.5,50.0,✅ TRUST,53.1,50.0,🟡 MODERATE,62.5,✅ TRUST,48.3,48.3,SmartScore
MUTHOOTFIN.NS,32,50.0,40.0,❌ WEAK,46.9,30.0,❌ WEAK,62.5,✅ TRUST,72.4,72.4,Combined
MARICO.NS,24,54.2,60.0,🟡 MODERATE,41.7,60.0,❌ WEAK,62.5,✅ TRUST,36.4,40.9,Combined
KPIL.NS,24,37.5,40.0,❌ WEAK,50.0,50.0,❌ WEAK,62.5,✅ TRUST,50.0,50.0,Combined
NBCC.NS,32,68.8,80.0,✅ TRUST,40.6,30.0,❌ WEAK,62.5,✅ TRUST,55.2,58.6,SmartScore
IGL.NS,24,62.5,50.0,✅ TRUST,37.5,30.0,❌ WEAK,62.5,✅ TRUST,75.0,79.2,SmartScore
DRREDDY.NS,32,50.0,20.0,❌ WEAK,50.0,60.0,❌ WEAK,62.5,✅ TRUST,53.3,53.3,Combined
IEX.NS,37,64.9,70.0,✅ TRUST,45.9,30.0,❌ WEAK,62.2,✅ TRUST,55.9,79.4,SmartScore
DIXON.NS,29,62.1,30.0,✅ TRUST,58.6,30.0,🟡 MODERATE,62.1,✅ TRUST,77.8,81.5,SmartScore
ACC.NS,29,48.3,70.0,❌ WEAK,51.7,60.0,❌ WEAK,62.1,✅ TRUST,81.5,74.1,Combined
HDFCLIFE.NS,29,55.2,50.0,🟡 MODERATE,55.2,60.0,🟡 MODERATE,62.1,✅ TRUST,55.6,51.9,Combined
EMAMILTD.NS,21,61.9,60.0,✅ TRUST,61.9,60.0,✅ TRUST,61.9,✅ TRUST,57.9,52.6,SmartScore
TORNTPOWER.NS,34,44.1,70.0,❌ WEAK,64.7,70.0,✅ TRUST,61.8,✅ TRUST,51.6,61.3,XGBoost
GOLDBEES.NS,34,61.8,70.0,✅ TRUST,47.1,50.0,❌ WEAK,61.8,✅ TRUST,62.5,65.6,SmartScore
COCHINSHIP.NS,34,58.8,70.0,🟡 MODERATE,70.6,70.0,✅ TRUST,61.8,✅ TRUST,58.1,54.8,XGBoost
COFORGE.NS,31,58.1,40.0,🟡 MODERATE,41.9,40.0,❌ WEAK,61.3,✅ TRUST,64.3,67.9,Combined
IOB.NS,31,61.3,60.0,✅ TRUST,51.6,30.0,❌ WEAK,61.3,✅ TRUST,69.0,72.4,SmartScore
JUBLFOOD.NS,23,52.2,20.0,❌ WEAK,30.4,40.0,❌ WEAK,60.9,✅ TRUST,66.7,81.0,Combined
ABCAPITAL.NS,28,64.3,60.0,✅ TRUST,53.6,60.0,🟡 MODERATE,60.7,✅ TRUST,80.0,80.0,SmartScore
ETERNAL.NS,33,51.5,60.0,❌ WEAK,45.5,70.0,❌ WEAK,60.6,✅ TRUST,60.0,66.7,Combined
YESBANK.NS,33,60.6,50.0,✅ TRUST,51.5,40.0,❌ WEAK,60.6,✅ TRUST,56.7,66.7,SmartScore
JYOTHYLAB.NS,38,60.5,70.0,✅ TRUST,55.3,60.0,🟡 MODERATE,60.5,✅ TRUST,77.1,80.0,SmartScore
NMDC.NS,30,50.0,60.0,❌ WEAK,53.3,60.0,🟡 MODERATE,60.0,✅ TRUST,40.7,48.1,Combined
NAM-INDIA.NS,30,53.3,30.0,🟡 MODERATE,50.0,30.0,❌ WEAK,60.0,✅ TRUST,50.0,46.4,Combined
ROUTE.NS,10,60.0,60.0,✅ TRUST,60.0,60.0,✅ TRUST,60.0,✅ TRUST,50.0,75.0,SmartScore
APOLLOHOSP.NS,35,65.7,90.0,✅ TRUST,51.4,80.0,❌ WEAK,60.0,✅ TRUST,50.0,53.1,SmartScore
AARTIIND.NS,37,48.6,40.0,❌ WEAK,43.2,50.0,❌ WEAK,59.5,🟡 MODERATE,51.4,54.3,Combined
PERSISTENT.NS,37,62.2,40.0,✅ TRUST,45.9,40.0,❌ WEAK,59.5,🟡 MODERATE,67.6,67.6,SmartScore
ONGC.NS,32,56.2,70.0,🟡 MODERATE,62.5,70.0,✅ TRUST,59.4,🟡 MODERATE,72.4,75.9,XGBoost
RVNL.NS,34,58.8,70.0,🟡 MODERATE,50.0,80.0,❌ WEAK,58.8,🟡 MODERATE,64.5,64.5,SmartScore
TATASTEEL.NS,34,52.9,50.0,❌ WEAK,55.9,40.0,🟡 MODERATE,58.8,🟡 MODERATE,67.7,67.7,Combined
SUNTV.NS,29,62.1,70.0,✅ TRUST,58.6,40.0,🟡 MODERATE,58.6,🟡 MODERATE,51.9,48.1,SmartScore
MON100.NS,19,57.9,50.0,🟡 MODERATE,57.9,50.0,🟡 MODERATE,57.9,🟡 MODERATE,58.8,58.8,SmartScore
SHYAMMETL.NS,26,50.0,50.0,❌ WEAK,53.8,80.0,🟡 MODERATE,57.7,🟡 MODERATE,47.8,56.5,Combined
ATGL.NS,26,53.8,60.0,🟡 MODERATE,42.3,60.0,❌ WEAK,57.7,🟡 MODERATE,83.3,83.3,Combined
PRESTIGE.NS,33,54.5,50.0,🟡 MODERATE,60.6,50.0,✅ TRUST,57.6,🟡 MODERATE,66.7,60.0,XGBoost
TITAN.NS,33,51.5,70.0,❌ WEAK,39.4,50.0,❌ WEAK,57.6,🟡 MODERATE,66.7,66.7,Combined
ABB.NS,33,48.5,50.0,❌ WEAK,54.5,80.0,🟡 MODERATE,57.6,🟡 MODERATE,64.5,61.3,Combined
ASIANPAINT.NS,33,60.6,70.0,✅ TRUST,39.4,50.0,❌ WEAK,57.6,🟡 MODERATE,73.3,76.7,SmartScore
HINDCOPPER.NS,35,65.7,40.0,✅ TRUST,51.4,50.0,❌ WEAK,57.1,🟡 MODERATE,59.4,59.4,SmartScore
KEC.NS,21,61.9,70.0,✅ TRUST,52.4,40.0,❌ WEAK,57.1,🟡 MODERATE,36.8,68.4,SmartScore
POLICYBZR.NS,28,57.1,60.0,🟡 MODERATE,39.3,70.0,❌ WEAK,57.1,🟡 MODERATE,56.0,56.0,SmartScore
POWERGRID.NS,35,54.3,60.0,🟡 MODERATE,54.3,50.0,🟡 MODERATE,57.1,🟡 MODERATE,37.5,40.6,Combined
AJANTPHARM.NS,28,53.6,60.0,🟡 MODERATE,67.9,60.0,✅ TRUST,57.1,🟡 MODERATE,38.5,30.8,XGBoost
ANGELONE.NS,35,54.3,40.0,🟡 MODERATE,45.7,40.0,❌ WEAK,57.1,🟡 MODERATE,59.4,62.5,Combined
BANSALWIRE.NS,32,56.2,40.0,🟡 MODERATE,46.9,40.0,❌ WEAK,56.2,🟡 MODERATE,60.0,60.0,SmartScore
BANKBARODA.NS,32,56.2,30.0,🟡 MODERATE,50.0,20.0,❌ WEAK,56.2,🟡 MODERATE,62.1,55.2,SmartScore
SRF.NS,16,62.5,60.0,✅ TRUST,56.2,60.0,🟡 MODERATE,56.2,🟡 MODERATE,57.1,50.0,SmartScore
DABUR.NS,34,55.9,40.0,🟡 MODERATE,38.2,40.0,❌ WEAK,55.9,🟡 MODERATE,51.6,61.3,SmartScore
JINDALSTEL.NS,34,52.9,80.0,❌ WEAK,47.1,80.0,❌ WEAK,55.9,🟡 MODERATE,35.5,41.9,Combined
ITC.NS,34,52.9,60.0,❌ WEAK,44.1,50.0,❌ WEAK,55.9,🟡 MODERATE,41.9,54.8,Combined
EASEMYTRIP.NS,18,55.6,40.0,🟡 MODERATE,61.1,50.0,✅ TRUST,55.6,🟡 MODERATE,62.5,56.2,XGBoost
NYKAA.NS,27,40.7,50.0,❌ WEAK,66.7,40.0,✅ TRUST,55.6,🟡 MODERATE,50.0,45.8,XGBoost
MTARTECH.NS,20,50.0,50.0,❌ WEAK,45.0,40.0,❌ WEAK,55.0,🟡 MODERATE,33.3,38.9,Combined
HINDZINC.NS,20,55.0,50.0,🟡 MODERATE,45.0,40.0,❌ WEAK,55.0,🟡 MODERATE,47.4,47.4,SmartScore
SIEMENS.NS,31,58.1,60.0,🟡 MODERATE,41.9,60.0,❌ WEAK,54.8,🟡 MODERATE,46.4,57.1,SmartScore
ZYDUSLIFE.NS,33,54.5,50.0,🟡 MODERATE,57.6,40.0,🟡 MODERATE,54.5,🟡 MODERATE,32.3,35.5,XGBoost
PHOENIXLTD.NS,22,54.5,50.0,🟡 MODERATE,59.1,60.0,🟡 MODERATE,54.5,🟡 MODERATE,55.0,60.0,XGBoost
MANAPPURAM.NS,22,54.5,50.0,🟡 MODERATE,54.5,50.0,🟡 MODERATE,54.5,🟡 MODERATE,78.9,73.7,SmartScore
LAURUSLABS.NS,33,48.5,50.0,❌ WEAK,51.5,50.0,❌ WEAK,54.5,🟡 MODERATE,41.9,41.9,Combined
IRCON.NS,22,54.5,60.0,🟡 MODERATE,59.1,30.0,🟡 MODERATE,54.5,🟡 MODERATE,80.0,75.0,XGBoost
BHEL.NS,35,48.6,40.0,❌ WEAK,54.3,60.0,🟡 MODERATE,54.3,🟡 MODERATE,43.8,53.1,XGBoost
PAYTM.NS,35,60.0,70.0,✅ TRUST,65.7,60.0,✅ TRUST,54.3,🟡 MODERATE,37.5,40.6,XGBoost
MAXHEALTH.NS,24,54.2,80.0,🟡 MODERATE,58.3,70.0,🟡 MODERATE,54.2,🟡 MODERATE,42.9,52.4,XGBoost
BALAMINES.NS,24,45.8,80.0,❌ WEAK,62.5,80.0,✅ TRUST,54.2,🟡 MODERATE,57.1,61.9,XGBoost
HINDPETRO.NS,13,53.8,50.0,🟡 MODERATE,53.8,60.0,🟡 MODERATE,53.8,🟡 MODERATE,45.5,54.5,SmartScore
SHRIRAMFIN.NS,26,57.7,50.0,🟡 MODERATE,30.8,20.0,❌ WEAK,53.8,🟡 MODERATE,73.9,69.6,SmartScore
HOMEFIRST.NS,28,53.6,80.0,🟡 MODERATE,39.3,50.0,❌ WEAK,53.6,🟡 MODERATE,60.0,64.0,SmartScore
HUDCO.NS,30,53.3,50.0,🟡 MODERATE,30.0,20.0,❌ WEAK,53.3,🟡 MODERATE,67.9,71.4,SmartScore
PNB.NS,32,53.1,60.0,🟡 MODERATE,46.9,40.0,❌ WEAK,53.1,🟡 MODERATE,62.1,65.5,SmartScore
NAUKRI.NS,32,53.1,60.0,🟡 MODERATE,62.5,70.0,✅ TRUST,53.1,🟡 MODERATE,65.5,58.6,XGBoost
BLUESTARCO.NS,36,36.1,30.0,❌ WEAK,50.0,40.0,❌ WEAK,52.8,❌ WEAK,45.5,51.5,Combined
MOTHERSON.NS,23,60.9,70.0,✅ TRUST,65.2,70.0,✅ TRUST,52.2,❌ WEAK,30.0,35.0,XGBoost
NATIONALUM.NS,25,56.0,60.0,🟡 MODERATE,48.0,70.0,❌ WEAK,52.0,❌ WEAK,60.9,69.6,SmartScore
TIMKEN.NS,25,52.0,50.0,❌ WEAK,44.0,50.0,❌ WEAK,52.0,❌ WEAK,39.1,43.5,SmartScore
EIHOTEL.NS,25,52.0,70.0,❌ WEAK,60.0,60.0,✅ TRUST,52.0,❌ WEAK,63.6,59.1,XGBoost
SILVERBEES.NS,29,51.7,40.0,❌ WEAK,51.7,40.0,❌ WEAK,51.7,❌ WEAK,62.1,62.1,SmartScore
KOTAKBANK.NS,31,51.6,40.0,❌ WEAK,58.1,40.0,🟡 MODERATE,51.6,❌ WEAK,58.6,58.6,XGBoost
SOLARINDS.NS,31,41.9,30.0,❌ WEAK,45.2,20.0,❌ WEAK,51.6,❌ WEAK,27.6,31.0,Combined
DLF.NS,35,48.6,30.0,❌ WEAK,37.1,40.0,❌ WEAK,51.4,❌ WEAK,59.4,59.4,Combined
TANLA.NS,12,50.0,40.0,❌ WEAK,41.7,40.0,❌ WEAK,50.0,❌ WEAK,33.3,66.7,SmartScore
GRANULES.NS,26,57.7,70.0,🟡 MODERATE,42.3,50.0,❌ WEAK,50.0,❌ WEAK,41.7,45.8,SmartScore
ADANIENSOL.NS,32,40.6,40.0,❌ WEAK,34.4,30.0,❌ WEAK,50.0,❌ WEAK,55.2,51.7,Combined
HDFCBANK.NS,34,50.0,60.0,❌ WEAK,58.8,60.0,🟡 MODERATE,50.0,❌ WEAK,41.9,54.8,XGBoost
GAIL.NS,32,50.0,50.0,❌ WEAK,50.0,50.0,❌ WEAK,50.0,❌ WEAK,37.9,44.8,SmartScore
ADANIGREEN.NS,34,70.6,60.0,✅ TRUST,47.1,40.0,❌ WEAK,50.0,❌ WEAK,38.7,41.9,SmartScore
TMPV.NS,22,50.0,60.0,❌ WEAK,31.8,40.0,❌ WEAK,50.0,❌ WEAK,68.4,68.4,SmartScore
AXISBANK.NS,36,50.0,30.0,❌ WEAK,36.1,20.0,❌ WEAK,50.0,❌ WEAK,63.6,66.7,SmartScore
AFFLE.NS,20,35.0,50.0,❌ WEAK,55.0,80.0,🟡 MODERATE,50.0,❌ WEAK,70.6,82.4,XGBoost
PAGEIND.NS,30,60.0,50.0,✅ TRUST,46.7,30.0,❌ WEAK,50.0,❌ WEAK,48.1,51.9,SmartScore
VOLTAS.NS,22,54.5,40.0,🟡 MODERATE,40.9,60.0,❌ WEAK,50.0,❌ WEAK,75.0,75.0,SmartScore
MRPL.NS,16,50.0,40.0,❌ WEAK,56.2,50.0,🟡 MODERATE,50.0,❌ WEAK,61.5,53.8,XGBoost
NAVINFLUOR.NS,26,50.0,50.0,❌ WEAK,53.8,70.0,🟡 MODERATE,50.0,❌ WEAK,38.5,38.5,XGBoost
IRCTC.NS,35,37.1,40.0,❌ WEAK,51.4,60.0,❌ WEAK,48.6,❌ WEAK,75.0,71.9,XGBoost
AUROPHARMA.NS,35,48.6,70.0,❌ WEAK,74.3,70.0,✅ TRUST,48.6,❌ WEAK,43.8,50.0,XGBoost
BHARTIARTL.NS,33,39.4,20.0,❌ WEAK,33.3,20.0,❌ WEAK,48.5,❌ WEAK,70.0,73.3,Combined
ADANIPOWER.NS,31,54.8,40.0,🟡 MODERATE,41.9,40.0,❌ WEAK,48.4,❌ WEAK,46.4,42.9,SmartScore
FIVESTAR.NS,25,44.0,30.0,❌ WEAK,44.0,30.0,❌ WEAK,48.0,❌ WEAK,45.5,54.5,Combined
KIMS.NS,25,48.0,60.0,❌ WEAK,64.0,60.0,✅ TRUST,48.0,❌ WEAK,39.1,39.1,XGBoost
BLS.NS,21,47.6,50.0,❌ WEAK,71.4,70.0,✅ TRUST,47.6,❌ WEAK,78.9,78.9,XGBoost
JSWSTEEL.NS,32,43.8,30.0,❌ WEAK,40.6,40.0,❌ WEAK,46.9,❌ WEAK,69.0,62.1,Combined
ICICIBANK.NS,32,46.9,50.0,❌ WEAK,46.9,30.0,❌ WEAK,46.9,❌ WEAK,69.0,72.4,SmartScore
DATAPATTNS.NS,30,46.7,60.0,❌ WEAK,43.3,40.0,❌ WEAK,46.7,❌ WEAK,40.0,36.7,SmartScore
JIOFIN.NS,39,48.7,70.0,❌ WEAK,46.2,50.0,❌ WEAK,46.2,❌ WEAK,75.0,75.0,SmartScore
NH.NS,26,50.0,90.0,❌ WEAK,53.8,60.0,🟡 MODERATE,46.2,❌ WEAK,48.0,52.0,XGBoost
MGL.NS,26,46.2,70.0,❌ WEAK,69.2,60.0,✅ TRUST,46.2,❌ WEAK,41.7,37.5,XGBoost
IIFL.NS,24,45.8,40.0,❌ WEAK,58.3,40.0,🟡 MODERATE,45.8,❌ WEAK,72.7,68.2,XGBoost
KAYNES.NS,35,45.7,50.0,❌ WEAK,68.6,40.0,✅ TRUST,45.7,❌ WEAK,68.8,68.8,XGBoost
HINDUNILVR.NS,35,45.7,60.0,❌ WEAK,57.1,40.0,🟡 MODERATE,45.7,❌ WEAK,46.9,71.9,XGBoost
WESTLIFE.NS,22,45.5,50.0,❌ WEAK,50.0,50.0,❌ WEAK,45.5,❌ WEAK,57.1,28.6,XGBoost
DIVISLAB.NS,9,44.4,44.4,❌ WEAK,33.3,33.3,❌ WEAK,44.4,❌ WEAK,25.0,25.0,SmartScore
INDIGO.NS,36,44.4,50.0,❌ WEAK,69.4,40.0,✅ TRUST,44.4,❌ WEAK,57.6,66.7,XGBoost
CAMS.NS,32,46.9,50.0,❌ WEAK,43.8,20.0,❌ WEAK,43.8,❌ WEAK,63.3,66.7,SmartScore
UTIAMC.NS,21,42.9,50.0,❌ WEAK,71.4,50.0,✅ TRUST,42.9,❌ WEAK,38.9,44.4,XGBoost
CPSEETF.NS,10,40.0,40.0,❌ WEAK,30.0,30.0,❌ WEAK,40.0,❌ WEAK,60.0,50.0,SmartScore
HAL.NS,35,40.0,40.0,❌ WEAK,68.6,40.0,✅ TRUST,40.0,❌ WEAK,46.9,46.9,XGBoost
LEMONTREE.NS,23,43.5,60.0,❌ WEAK,47.8,50.0,❌ WEAK,39.1,❌ WEAK,35.0,35.0,XGBoost
DEVYANI.NS,23,34.8,40.0,❌ WEAK,39.1,30.0,❌ WEAK,34.8,❌ WEAK,68.2,72.7,XGBoost
ADANIENT.NS,35,34.3,60.0,❌ WEAK,40.0,50.0,❌ WEAK,34.3,❌ WEAK,37.5,34.4,XGBoost
COALINDIA.NS,33,33.3,50.0,❌ WEAK,33.3,40.0,❌ WEAK,33.3,❌ WEAK,33.3,36.7,SmartScore
TECHM.NS,24,25.0,30.0,❌ WEAK,41.7,50.0,❌ WEAK,33.3,❌ WEAK,72.7,81.8,XGBoost
VBL.NS,30,33.3,40.0,❌ WEAK,30.0,30.0,❌ WEAK,33.3,❌ WEAK,44.4,48.1,SmartScore
ADANIPORTS.NS,35,51.4,40.0,❌ WEAK,31.4,50.0,❌ WEAK,28.6,❌ WEAK,40.6,37.5,SmartScore
IDEA.NS,31,45.2,40.0,❌ WEAK,41.9,40.0,❌ WEAK,25.8,❌ WEAK,35.7,35.7,SmartScore
IPCALAB.NS,13,53.8,70.0,🟡 MODERATE,15.4,20.0,❌ WEAK,15.4,❌ WEAK,36.4,54.5,SmartScore
