date,ticker,S_recency,S_recency_3d,S_breadth_raw,S_volume_raw,S_events,pos,neg,total,S_breadth,S_volume,smart_score
2026-10-02,JUBLFOOD.NS,84.45472246832475,85.44941349909362,1.0,1.3862943611198906,85.0,3,0,3,73.26888631205574,42.75706472000527,78.18
2026-10-02,MPHASIS.NS,81.6012550563265,80.48570282376414,1.0,1.0986122886681096,85.0,2,0,2,73.26888631205574,37.76988449542796,76.4
2026-10-02,LEMONTREE.NS,85.71471516868236,74.88843110646638,0.5,2.1972245773362196,80.0,5,1,8,59.02327941607047,56.81513619925652,76.06
2026-10-02,RADICO.NS,80.51030820967951,74.1501102232108,0.7142857142857143,2.0794415416798357,85.0,6,1,7,65.12853951434988,54.77328068420819,75.98
2026-10-02,PAYTM.NS,82.13986314594956,68.57046197747619,0.6666666666666666,1.3862943611198906,85.0,2,0,3,63.77181504806556,42.75706472000527,75.24
2026-10-02,COALINDIA.NS,73.48911929596979,69.76189952711944,0.6764705882352942,3.5553480614894135,85.0,27,4,34,64.05114067347704,80.35920526472849,75.17
2026-10-02,VOLTAS.NS,80.28599164314674,76.58039074189773,0.6666666666666666,1.3862943611198906,80.0,2,0,3,63.77181504806556,42.75706472000527,73.16
2026-10-02,BHARATFORG.NS,75.94621091461181,75.94621091461181,1.0,0.6931471805599453,85.0,1,0,1,73.26888631205574,30.740848755802336,73.15
2026-10-02,SUNTV.NS,70.35865728021695,70.80255348406035,0.8333333333333334,2.5649493574615367,85.0,11,1,12,68.52035068006064,63.189915607296996,72.93
2026-10-02,IRCTC.NS,76.13802316398177,70.95569984927528,0.6,1.791759469228055,85.0,4,1,5,61.872400795267524,49.786100459630894,72.87
2026-10-02,ABBOTINDIA.NS,83.06535897514038,74.05088904897165,0.16666666666666666,1.9459101490553132,80.0,3,2,6,49.5262081520803,52.45841582321166,72.53
2026-10-02,DRREDDY.NS,90.19301995357658,90.43368160732305,1.0,1.0986122886681096,50.0,2,0,2,73.26888631205574,37.76988449542796,71.52
2026-10-02,NATCOPHARM.NS,69.98503216916394,69.3612836006048,1.0,1.6094379124341003,80.0,4,0,4,73.26888631205574,46.625422233116225,70.81
2026-10-02,HAVELLS.NS,76.17576382387836,66.74423509612572,-0.1,2.3978952727983707,85.0,3,4,10,41.92855114088817,60.293910234537286,69.94
2026-10-02,HINDCOPPER.NS,74.22947690869628,74.22947690869628,0.3333333333333333,1.3862943611198906,85.0,2,1,3,54.27474378407538,42.75706472000527,69.78
2026-10-02,TORNTPHARM.NS,69.48699411907955,69.93681948582817,1.0,1.0986122886681096,80.0,2,0,2,73.26888631205574,37.76988449542796,69.7
2026-10-02,BAJFINANCE.NS,68.55237557959993,68.5221585979857,0.2857142857142857,2.70805020110221,85.0,8,4,14,52.91801931779108,65.67067393694478,69.25
2026-10-02,IPCALAB.NS,84.22033769772229,83.92856676181252,1.0,1.0986122886681096,50.0,2,0,2,73.26888631205574,37.76988449542796,68.83
2026-10-02,SRF.NS,65.49339067020416,65.49339067020416,1.0,0.6931471805599453,85.0,1,0,1,73.26888631205574,30.740848755802336,68.45
2026-10-02,ADANIGREEN.NS,69.13612426501858,67.46040389810457,0.4,2.3978952727983707,80.0,7,3,10,56.17415803687342,60.293910234537286,68.38
2026-10-02,MARICO.NS,61.38890464900528,61.2750173086993,1.0,1.3862943611198906,85.0,3,0,3,73.26888631205574,42.75706472000527,67.8
2026-10-02,ADANIPOWER.NS,67.78142394445617,67.30892343772277,0.5,1.0986122886681096,85.0,1,0,2,59.02327941607047,37.76988449542796,67.33
2026-10-02,BERGEPAINT.NS,87.09102497728932,85.33842765944215,0.5,1.0986122886681096,50.0,1,0,2,59.02327941607047,37.76988449542796,67.27
2026-10-02,IRCON.NS,68.54526855681364,67.84129932587106,0.25,1.6094379124341003,85.0,2,1,4,51.90047596807784,46.625422233116225,67.14
2026-10-02,SOLARINDS.NS,58.09104813460804,64.61182794034758,0.8,2.3978952727983707,85.0,8,0,10,67.57064355366164,60.293910234537286,66.93
2026-10-02,KPIL.NS,65.74954487585491,66.50645431159735,0.7142857142857143,2.0794415416798357,75.0,6,1,7,65.12853951434988,54.77328068420819,66.84
2026-10-02,ABCAPITAL.NS,69.98151072937594,62.13309824930137,0.25,1.6094379124341003,80.0,1,0,4,51.90047596807784,46.625422233116225,66.53
2026-10-02,NMDC.NS,80.27349708395958,58.29297935033968,0.75,1.6094379124341003,50.0,3,0,4,66.1460828640631,46.625422233116225,66.51
2026-10-02,MANKIND.NS,62.23053439413862,62.45008694768459,1.0,1.0986122886681096,80.0,2,0,2,73.26888631205574,37.76988449542796,66.43
2026-10-02,SHYAMMETL.NS,80.38952338695526,80.38952338695526,1.0,0.6931471805599453,50.0,1,0,1,73.26888631205574,30.740848755802336,66.4
2026-10-02,ZYDUSLIFE.NS,60.6602730239999,56.61177222825686,0.36363636363636365,2.4849066497880004,85.0,6,2,11,55.13811389898359,61.80231642383382,65.75
2026-10-02,TATASTEEL.NS,54.346303766645356,55.24313190768213,0.8,2.3978952727983707,85.0,9,1,10,67.57064355366164,60.293910234537286,65.25
2026-10-02,BDL.NS,64.71806172521762,64.25137851847357,0.4444444444444444,2.302585092994046,75.0,6,2,9,57.440434205405445,58.64163819731917,65.23
2026-10-02,TMCV.NS,60.71881698667667,59.95897687061974,0.5,1.6094379124341003,85.0,3,1,4,59.02327941607047,46.625422233116225,65.04
2026-10-02,DELTACORP.NS,76.40657890176773,76.40657890176773,1.0,0.6931471805599453,50.0,1,0,1,73.26888631205574,30.740848755802336,64.61
2026-10-02,IRFC.NS,65.84580416017856,61.870086386867584,0.0,1.6094379124341003,85.0,1,1,4,44.77767252008522,46.625422233116225,64.5
2026-10-02,TCS.NS,51.39968999377976,52.90108528444273,0.2682926829268293,4.418840607796598,85.0,46,24,82,52.421656708174865,95.3284833789735,64.4
2026-10-02,SUZLON.NS,63.86740006407118,75.51847837367613,0.42857142857142855,2.0794415416798357,75.0,5,2,7,56.988192716644,54.77328068420819,64.37
2026-10-02,BALKRISIND.NS,56.39560603159666,56.39560603159666,1.0,0.6931471805599453,85.0,1,0,1,73.26888631205574,30.740848755802336,64.36
2026-10-02,NTPC.NS,52.477910621151004,60.050368144765855,0.4782608695652174,3.1780538303479458,85.0,17,6,23,58.403905203201546,73.81853238803674,63.93
2026-10-02,BIKAJI.NS,74.34766381978989,74.34766381978989,1.0,0.6931471805599453,50.0,1,0,1,73.26888631205574,30.740848755802336,63.68
2026-10-02,INFY.NS,50.21866630026231,52.00261714683207,0.1978021978021978,4.5217885770490405,85.0,48,30,91,50.41329722618927,97.11316211143858,63.64
2026-10-02,GRANULES.NS,54.47833122592135,54.469410254491365,0.5,2.3978952727983707,85.0,6,1,10,59.02327941607047,60.293910234537286,63.6
2026-10-02,COCHINSHIP.NS,57.49069136095047,57.49069136095047,1.0,0.6931471805599453,80.0,1,0,1,73.26888631205574,30.740848755802336,63.6
2026-10-02,SUNPHARMA.NS,53.22731226923118,55.75593909954046,0.27586206896551724,3.4011973816621555,85.0,17,9,29,52.63731770407708,77.68688990114771,63.5
2026-10-02,JPPOWER.NS,73.11976510620116,73.11976510620116,1.0,0.6931471805599453,50.0,1,0,1,73.26888631205574,30.740848755802336,63.13
2026-10-02,IDEA.NS,72.82821855139731,72.82821855139731,1.0,0.6931471805599453,50.0,1,0,1,73.26888631205574,30.740848755802336,63.0
2026-10-02,MAXHEALTH.NS,86.43639805984496,86.43639805984496,-0.3333333333333333,1.3862943611198906,50.0,1,2,3,35.280601256095046,42.75706472000527,62.73
2026-10-02,COLPAL.NS,55.2415693456294,57.935356130234595,0.4,1.791759469228055,85.0,3,1,5,56.17415803687342,49.786100459630894,62.32
2026-10-02,LT.NS,55.03068121643108,65.24112390913956,0.25,2.1972245773362196,85.0,4,2,8,51.90047596807784,56.81513619925652,62.08
2026-10-02,SBIN.NS,50.3114337070377,50.68610589409612,0.015625,4.174387269895637,85.0,26,25,64,45.22284773558476,91.0907050488138,62.04
2026-10-02,KIMS.NS,53.67024997442961,53.67024997442961,1.0,0.6931471805599453,80.0,1,0,1,73.26888631205574,30.740848755802336,61.88
2026-10-02,ITC.NS,52.46620206019364,52.89226745518051,0.1875,2.833213344056216,85.0,9,6,16,50.119775106079686,67.840469037718,61.67
2026-10-02,NAUKRI.NS,60.00293202477106,55.959770391755505,0.0,2.1972245773362196,80.0,2,2,8,44.77767252008522,56.81513619925652,61.64
2026-10-02,CHOLAFIN.NS,54.60171953791752,54.51619068201039,0.6666666666666666,1.3862943611198906,80.0,2,0,3,63.77181504806556,42.75706472000527,61.6
2026-10-02,BHARTIARTL.NS,51.717675820126985,51.91135749259691,0.09523809523809523,3.091042453358316,85.0,7,5,21,47.49112145265384,72.31012619874022,61.25
2026-10-02,BEL.NS,50.05514556960876,51.66899120892472,0.1,3.4339872044851463,85.0,13,10,30,47.62679389928227,78.25532558626543,61.13
2026-10-02,AUROPHARMA.NS,58.587559589259264,56.909683278278735,0.7142857142857143,2.0794415416798357,65.0,5,0,7,65.12853951434988,54.77328068420819,61.12
2026-10-02,PERSISTENT.NS,52.63697130781804,53.877892523582425,0.2857142857142857,2.0794415416798357,85.0,3,1,7,52.91801931779108,54.77328068420819,61.0
2026-10-02,FIVESTAR.NS,51.455124136194975,52.415154582076816,0.5,1.6094379124341003,85.0,2,0,4,59.02327941607047,46.625422233116225,60.87
2026-10-02,TATACONSUM.NS,54.50916713998792,54.466651614977536,0.2,1.791759469228055,85.0,3,2,5,50.47591527847932,49.786100459630894,60.85
2026-10-02,MARUTI.NS,65.5180697042975,57.389083237691686,0.15384615384615385,2.639057329615259,60.0,6,4,13,49.16093618038837,64.47463178741461,60.76
2026-10-02,HEROMOTOCO.NS,60.64970758615499,59.17983647365902,1.0,1.0986122886681096,60.0,2,0,2,73.26888631205574,37.76988449542796,60.72
2026-10-02,AMBER.NS,53.99911454737697,51.70333571251322,0.2,1.791759469228055,85.0,2,1,5,50.47591527847932,49.786100459630894,60.62
2026-10-02,MANAPPURAM.NS,54.75506614733408,53.541168626152,0.5,1.0986122886681096,80.0,1,0,2,59.02327941607047,37.76988449542796,60.22
2026-10-02,BSE.NS,51.58002194756156,51.51625706365307,0.09090909090909091,2.4849066497880004,85.0,4,3,11,47.36778286480981,61.80231642383382,60.11
2026-10-02,HAL.NS,50.44893677757912,51.67681333250904,-0.043478260869565216,3.1780538303479458,85.0,8,9,23,43.538924094347365,73.81853238803674,60.04
2026-10-02,TIMKEN.NS,64.27700935781054,61.80326729078374,0.3333333333333333,1.9459101490553132,60.0,3,1,6,54.27474378407538,52.45841582321166,60.03
2026-10-02,UBL.NS,65.67448088222743,65.67448088222743,1.0,0.6931471805599453,50.0,1,0,1,73.26888631205574,30.740848755802336,59.78
2026-10-02,KAYNES.NS,66.41951234875951,63.435146820949626,0.6,1.791759469228055,50.0,4,1,5,61.872400795267524,49.786100459630894,59.74
2026-10-02,CIPLA.NS,51.62144162222573,51.93596791610411,0.3333333333333333,1.3862943611198906,85.0,1,0,3,54.27474378407538,42.75706472000527,59.61
2026-10-02,ADANIENSOL.NS,82.97065290620613,81.88115625745279,0.7142857142857143,2.0794415416798357,15.000000000000002,6,1,7,65.12853951434988,54.77328068420819,59.59
2026-10-02,TIINDIA.NS,67.99939859115138,68.06403200225336,0.5,1.6094379124341003,50.0,3,1,4,59.02327941607047,46.625422233116225,59.57
2026-10-02,PNCINFRA.NS,50.41411750350563,50.87310379396648,0.3333333333333333,1.3862943611198906,85.0,2,1,3,54.27474378407538,42.75706472000527,59.07
2026-10-02,LICI.NS,69.08513014007465,73.93670145615133,0.25,1.6094379124341003,50.0,2,1,4,51.90047596807784,46.625422233116225,58.63
2026-10-02,ACC.NS,50.53612380959708,51.43825730387458,0.5,1.0986122886681096,80.0,1,0,2,59.02327941607047,37.76988449542796,58.32
2026-10-02,HOMEFIRST.NS,52.80143512746839,53.191716971729576,0.0,1.3862943611198906,85.0,1,1,3,44.77767252008522,42.75706472000527,58.24
2026-10-02,SYNGENE.NS,60.34387556781653,60.34387556781653,1.0,1.0986122886681096,50.0,2,0,2,73.26888631205574,37.76988449542796,58.09
2026-10-02,ADANIPORTS.NS,76.92192219920184,60.20699490178465,0.6666666666666666,1.3862943611198906,25.0,2,0,3,63.77181504806556,42.75706472000527,57.89
2026-10-02,EICHERMOT.NS,66.66822418023608,62.234850369841574,0.3333333333333333,1.3862943611198906,50.0,2,1,3,54.27474378407538,42.75706472000527,57.63
2026-10-02,BOSCHLTD.NS,56.52974708022715,57.95153637142536,1.0,1.791759469228055,50.0,5,0,5,73.26888631205574,49.786100459630894,57.57
2026-10-02,NYKAA.NS,56.51085003683597,56.405567286800405,1.0,1.3862943611198906,50.0,3,0,3,73.26888631205574,42.75706472000527,56.86
2026-10-02,ANGELONE.NS,58.0793333438677,56.02632864485142,0.6666666666666666,1.9459101490553132,50.0,4,0,6,63.77181504806556,52.45841582321166,56.64
2026-10-02,EASEMYTRIP.NS,57.0231713611715,56.92084180554829,0.0,2.1972245773362196,65.0,3,3,8,44.77767252008522,56.81513619925652,56.55
2026-10-02,PIDILITIND.NS,58.175808009624475,58.175808009624475,1.0,0.6931471805599453,50.0,1,0,1,73.26888631205574,30.740848755802336,56.41
2026-10-02,AJANTPHARM.NS,56.56977904893008,56.512909990262614,1.0,1.0986122886681096,50.0,2,0,2,73.26888631205574,37.76988449542796,56.39
2026-10-02,GAIL.NS,51.31595041375693,51.575347215982184,0.6666666666666666,1.3862943611198906,65.0,2,0,3,63.77181504806556,42.75706472000527,56.37
2026-10-02,NIFTYBEES.NS,56.8234747517705,56.8234747517705,1.0,0.6931471805599453,50.0,1,0,1,73.26888631205574,30.740848755802336,55.8
2026-10-02,PAGEIND.NS,55.27043997337482,55.34694352580697,1.0,1.0986122886681096,50.0,2,0,2,73.26888631205574,37.76988449542796,55.8
2026-10-02,MOTHERSON.NS,52.2855032235384,52.2855032235384,0.0,0.6931471805599453,80.0,0,0,1,44.77767252008522,30.740848755802336,55.56
2026-10-02,APLAPOLLO.NS,53.07627582836092,54.3194536857215,1.0,1.3862943611198906,50.0,3,0,3,73.26888631205574,42.75706472000527,55.31
2026-10-02,EMAMILTD.NS,56.797886509345766,57.48884391365874,0.5,1.9459101490553132,50.0,3,0,6,59.02327941607047,52.45841582321166,55.11
2026-10-02,IIFL.NS,59.91228216100859,56.456642441002224,0.5,1.0986122886681096,50.0,1,0,2,59.02327941607047,37.76988449542796,55.04
2026-10-02,ETERNAL.NS,54.97314687684178,54.97314687684178,1.0,0.6931471805599453,50.0,1,0,1,73.26888631205574,30.740848755802336,54.97
2026-10-02,UTIAMC.NS,54.666914249360566,54.666914249360566,1.0,0.6931471805599453,50.0,1,0,1,73.26888631205574,30.740848755802336,54.83
2026-10-02,SKFINDIA.NS,53.91566117978096,53.91566117978096,1.0,0.6931471805599453,50.0,1,0,1,73.26888631205574,30.740848755802336,54.49
2026-10-02,HDFCAMC.NS,55.230113934777656,54.90396318162748,0.6666666666666666,1.3862943611198906,50.0,2,0,3,63.77181504806556,42.75706472000527,54.38
2026-10-02,MGL.NS,53.51549711078405,53.51549711078405,1.0,0.6931471805599453,50.0,1,0,1,73.26888631205574,30.740848755802336,54.31
2026-10-02,MTARTECH.NS,53.142323568463326,53.142323568463326,1.0,0.6931471805599453,50.0,1,0,1,73.26888631205574,30.740848755802336,54.14
2026-10-02,SHRIRAMFIN.NS,50.23829819004142,50.24533524519609,0.0,1.0986122886681096,75.0,0,0,2,44.77767252008522,37.76988449542796,54.09
2026-10-02,SCHAEFFLER.NS,50.47927041369192,50.47131824729445,0.2,1.791759469228055,65.0,1,0,5,50.47591527847932,49.786100459630894,54.04
2026-10-02,FORTIS.NS,64.89622656419314,51.28793007485542,-0.3333333333333333,1.9459101490553132,50.0,2,4,6,35.280601256095046,52.45841582321166,54.01
2026-10-02,JIOFIN.NS,53.060047750099905,52.58592576336009,0.25,1.6094379124341003,50.0,1,0,4,51.90047596807784,46.625422233116225,51.42
2026-10-02,DEEPAKNTR.NS,52.58602343911183,52.95337750546389,0.3333333333333333,1.3862943611198906,50.0,2,1,3,54.27474378407538,42.75706472000527,51.29
2026-10-02,EIHOTEL.NS,51.47468490713868,51.69875822281011,0.5,1.0986122886681096,50.0,1,0,2,59.02327941607047,37.76988449542796,51.25
2026-10-02,ULTRACEMCO.NS,57.497872366666726,55.63388662048193,0.0,1.0986122886681096,50.0,1,1,2,44.77767252008522,37.76988449542796,51.11
2026-10-02,LODHA.NS,50.92955514751273,51.31472479339756,0.5,1.0986122886681096,50.0,1,0,2,59.02327941607047,37.76988449542796,51.0
2026-10-02,INDHOTEL.NS,50.30121530222718,50.64245032586967,0.5,1.0986122886681096,50.0,1,0,2,59.02327941607047,37.76988449542796,50.72
2026-10-02,CUMMINSIND.NS,67.97674632213102,59.52521919755657,0.4,1.791759469228055,15.000000000000002,3,1,5,56.17415803687342,49.786100459630894,50.55
2026-10-02,BALAMINES.NS,49.79820164715913,50.122352344749125,0.5,1.0986122886681096,50.0,1,0,2,59.02327941607047,37.76988449542796,50.49
2026-10-02,LTM.NS,54.09729541346439,53.00352538980045,0.0,1.3862943611198906,50.0,1,1,3,44.77767252008522,42.75706472000527,50.08
2026-10-02,VINATIORGA.NS,53.31638844095282,53.29655021449866,0.0,1.3862943611198906,50.0,1,1,3,44.77767252008522,42.75706472000527,49.72
2026-10-02,BHEL.NS,49.75721117674437,52.47284476856002,0.75,1.6094379124341003,35.0,3,0,4,66.1460828640631,46.625422233116225,49.03
2026-10-02,JSWSTEEL.NS,54.33112473778596,54.30531748729357,0.6666666666666666,1.9459101490553132,25.0,4,0,6,63.77181504806556,52.45841582321166,48.7
2026-10-02,IEX.NS,27.566299059769396,41.98200953775969,0.5,2.1972245773362196,75.0,6,2,8,59.02327941607047,56.81513619925652,48.64
2026-10-02,PHOENIXLTD.NS,50.399583251204035,50.49780450828013,0.0,1.0986122886681096,50.0,0,0,2,44.77767252008522,37.76988449542796,47.91
2026-10-02,TANLA.NS,51.5137206017971,51.5137206017971,0.0,0.6931471805599453,50.0,0,0,1,44.77767252008522,30.740848755802336,47.71
2026-10-02,TORNTPOWER.NS,49.83901681484319,49.81284736218459,0.0,1.0986122886681096,50.0,0,0,2,44.77767252008522,37.76988449542796,47.66
2026-10-02,HDFCLIFE.NS,40.8125297681729,39.32171079394895,-0.7142857142857143,2.0794415416798357,75.0,1,6,7,24.42680552582056,54.77328068420819,47.48
2026-10-02,COFORGE.NS,50.67432571202517,50.67432571202517,0.0,0.6931471805599453,50.0,0,0,1,44.77767252008522,30.740848755802336,47.33
2026-10-02,POWERGRID.NS,49.949532674176155,56.68988280738117,-0.3333333333333333,1.9459101490553132,50.0,2,4,6,35.280601256095046,52.45841582321166,47.28
2026-10-02,NATIONALUM.NS,50.23981494829059,50.23981494829059,0.0,0.6931471805599453,50.0,0,0,1,44.77767252008522,30.740848755802336,47.14
2026-10-02,HINDALCO.NS,50.12092623859643,50.12092623859643,0.0,0.6931471805599453,50.0,0,0,1,44.77767252008522,30.740848755802336,47.08
2026-10-02,TATATECH.NS,48.74247711151838,48.74247711151838,0.0,0.6931471805599453,50.0,0,0,1,44.77767252008522,30.740848755802336,46.46
2026-10-02,WIPRO.NS,49.86622890043107,51.724800403710866,0.1595744680851064,4.553876891600541,15.000000000000002,49,34,94,49.324142806037955,97.6694366349339,45.82
2026-10-02,HCLTECH.NS,49.27324020387964,51.90280570646962,0.2345679012345679,4.406719247264253,15.000000000000002,43,24,81,51.46079674289311,95.11835068274158,45.73
2026-10-02,DIXON.NS,48.06382352600704,50.135857637857185,0.32075471698113206,3.9889840465642745,15.000000000000002,31,14,53,53.91636373637765,87.87660386728801,44.95
2026-10-02,RELIANCE.NS,40.9593019678813,45.338598916138764,-0.18181818181818182,3.5263605246161616,40.0,9,15,33,39.59745183063603,79.85668500192095,44.34
2026-10-02,OIL.NS,45.07042052283428,41.98189629582289,-0.4166666666666667,3.2188758248682006,40.0,6,16,24,32.9063334400975,74.52621167463306,44.32
2026-10-02,TATACOMM.NS,49.91326146613195,50.00128518211471,0.0,1.0986122886681096,35.0,0,0,2,44.77767252008522,37.76988449542796,43.94
2026-10-02,VEDL.NS,38.13731426560479,40.086238388395614,0.1111111111111111,2.302585092994046,40.0,4,3,9,47.94336294141527,58.64163819731917,42.61
2026-10-02,BANSALWIRE.NS,42.18639729748022,40.71292353446736,-0.5,1.6094379124341003,50.0,1,3,4,30.532065624099953,46.625422233116225,42.25
2026-10-02,AXISBANK.NS,46.36104874478737,47.584054403828716,-0.09090909090909091,3.8066624897703196,15.000000000000002,19,23,44,42.18756217536062,84.71592564077334,41.52
2026-10-02,ICICIBANK.NS,45.572692758910925,45.907097034607055,-0.047619047619047616,3.7612001156935624,15.000000000000002,19,21,42,43.420948053800906,83.92780196304246,41.33
2026-10-02,ABB.NS,47.30882207456761,51.03000778325652,0.4,1.791759469228055,15.000000000000002,3,1,5,56.17415803687342,49.786100459630894,41.25
2026-10-02,INDIGO.NS,36.66640893540828,37.29846844631205,-0.32,3.258096538021482,40.0,8,16,25,35.66048410665465,75.20613157149994,41.15
2026-10-02,GRSE.NS,48.90809345500613,48.259485972305356,-0.14285714285714285,3.091042453358316,15.000000000000002,6,9,21,40.70749912123228,72.31012619874022,41.13
2026-10-02,ATGL.NS,18.517113076784465,26.163675343492354,-0.3333333333333333,1.3862943611198906,85.0,1,2,3,35.280601256095046,42.75706472000527,40.91
2026-10-02,MAZDOCK.NS,48.90817660139436,48.22228708750055,-0.15789473684210525,2.995732273553991,15.000000000000002,5,8,19,40.27905981608988,70.6578541615221,40.88
2026-10-02,KOTAKBANK.NS,43.81711642172297,44.75580267241739,0.0625,3.4965075614664802,15.000000000000002,16,14,32,46.558373382083374,79.33916193836585,40.71
2026-10-02,AFFLE.NS,33.500221418794794,61.83294608259037,-0.2,1.791759469228055,50.0,2,3,5,39.07942976169112,49.786100459630894,40.37
2026-10-02,TATAPOWER.NS,25.216960538847783,46.88372716605904,0.5,1.6094379124341003,50.0,3,1,4,59.02327941607047,46.625422233116225,40.31
2026-10-02,SIEMENS.NS,49.38715940836662,53.29445867906828,0.0,1.9459101490553132,15.000000000000002,2,2,6,44.77767252008522,52.45841582321166,40.18
2026-10-02,BLS.NS,46.29790706413984,46.29790706413984,-1.0,0.6931471805599453,50.0,0,1,1,16.286458728114695,30.740848755802336,39.67
2026-10-02,DABUR.NS,41.83759158170025,50.16093624719421,0.125,2.833213344056216,15.000000000000002,8,6,16,48.33907424408153,67.840469037718,39.03
2026-10-02,SAPPHIRE.NS,33.522746560031095,44.35772257033967,-0.3333333333333333,1.3862943611198906,50.0,0,1,3,35.280601256095046,42.75706472000527,38.92
2026-10-02,NESTLEIND.NS,42.19595334557848,49.657424071110015,0.0,2.9444389791664403,15.000000000000002,8,8,18,44.77767252008522,69.76864719341708,38.67
2026-10-02,JYOTHYLAB.NS,47.673284370235095,48.33175343240247,0.0,1.3862943611198906,15.000000000000002,1,1,3,44.77767252008522,42.75706472000527,38.43
2026-10-02,BAJAJFINSV.NS,35.92954791365009,37.11070573163231,-0.6666666666666666,1.3862943611198906,50.0,0,2,3,25.78352999210487,42.75706472000527,38.1
2026-10-02,MON100.NS,41.23651540268607,38.50508552627386,-1.0,1.0986122886681096,50.0,0,2,2,16.286458728114695,37.76988449542796,38.09
2026-10-02,MUTHOOTFIN.NS,45.31041396225586,47.08339934464923,-0.125,2.1972245773362196,15.000000000000002,3,4,8,41.2162707960889,56.81513619925652,38.06
2026-10-02,M&M.NS,42.34254669081547,41.60011846133277,-0.41304347826086957,3.8501476017100584,15.000000000000002,12,31,46,33.009562475575656,85.46977202571186,37.95
2026-10-02,HDFCBANK.NS,39.33312580256723,40.03737692022603,-0.41237113402061853,4.584967478670572,15.000000000000002,24,64,97,33.02871837906645,98.20841481902686,37.88
2026-10-02,ONGC.NS,37.67924785411075,37.65002584088347,-0.2222222222222222,3.6109179126442243,20.0,12,20,36,38.4462916774251,81.32254948844067,37.78
2026-10-02,SAIL.NS,36.559465395810676,46.555485243682696,0.3125,2.833213344056216,15.000000000000002,9,4,16,53.681176830076005,67.840469037718,37.72
2026-10-02,ITBEES.NS,41.3578339908123,41.3578339908123,-1.0,0.6931471805599453,50.0,0,1,1,16.286458728114695,30.740848755802336,37.44
2026-10-02,HINDUNILVR.NS,39.14963351798776,50.14542884875473,0.06666666666666667,2.772588722239781,15.000000000000002,7,6,15,46.67708677288325,66.78949664841113,37.38
2026-10-02,APOLLOHOSP.NS,48.58222276365593,49.488454406389906,-0.4,1.791759469228055,15.000000000000002,1,3,5,33.381187003297,49.786100459630894,37.27
2026-10-02,LUPIN.NS,39.595231207609174,39.59523120760918,-1.0,0.6931471805599453,50.0,0,1,1,16.286458728114695,30.740848755802336,36.65
2026-10-02,ASIANPAINT.NS,22.584334850598157,27.130834157664374,0.0,1.791759469228055,50.0,2,2,5,44.77767252008522,49.786100459630894,36.6
2026-10-02,BAJAJ-AUTO.NS,29.677932051983298,27.46648388400067,-0.3333333333333333,2.302585092994046,40.0,3,6,9,35.280601256095046,58.64163819731917,36.28
2026-10-02,GODREJCP.NS,38.55365966592873,43.25924156175105,0.16666666666666666,1.9459101490553132,15.000000000000002,2,1,6,49.5262081520803,52.45841582321166,36.25
2026-10-02,IOC.NS,37.57048907837104,40.390595518168304,-0.2571428571428571,3.58351893845611,15.000000000000002,12,21,35,37.45136040214994,80.84756812766237,36.23
2026-10-02,TITAN.NS,36.20439111761117,47.58429074236482,0.3333333333333333,1.9459101490553132,15.000000000000002,4,2,6,54.27474378407538,52.45841582321166,36.14
2026-10-02,SHREECEM.NS,46.42513101384469,48.05906678561375,-0.3333333333333333,1.3862943611198906,15.000000000000002,0,1,3,35.280601256095046,42.75706472000527,35.97
2026-10-02,DMART.NS,43.281283638808155,44.23403924172742,-0.3333333333333333,1.3862943611198906,20.0,1,2,3,35.280601256095046,42.75706472000527,35.81
2026-10-02,POLICYBZR.NS,37.40633998233481,34.71142756888263,-0.5666666666666667,4.110873864173311,15.000000000000002,12,46,60,28.63265137130192,89.98965346671696,35.31
2026-10-02,YESBANK.NS,45.635236221791715,43.18270652418209,-0.8181818181818182,2.4849066497880004,15.000000000000002,0,9,11,21.466679417563874,61.80231642383382,34.76
2026-10-02,JINDALSTEL.NS,34.67766181182862,34.67766181182862,-1.0,0.6931471805599453,50.0,0,1,1,16.286458728114695,30.740848755802336,34.44
2026-10-02,BPCL.NS,36.66618743797104,37.29139061532534,-0.4444444444444444,3.332204510175204,15.000000000000002,7,19,27,32.114910834764984,76.49084775161752,34.32
2026-10-02,RVNL.NS,34.0381025247097,34.0381025247097,-1.0,0.6931471805599453,50.0,0,1,1,16.286458728114695,30.740848755802336,34.15
2026-10-02,BRITANNIA.NS,36.24369796619548,49.1002578408756,-0.2,2.3978952727983707,15.000000000000002,4,6,10,39.07942976169112,60.293910234537286,33.9
2026-10-02,SPICEJET.NS,25.280698398323064,27.622400823116415,-0.5714285714285714,2.70805020110221,40.0,3,11,14,28.496978924673495,65.67067393694478,33.64
2026-10-02,LAURUSLABS.NS,37.84477214637581,37.98067638858274,0.0,1.0986122886681096,15.000000000000002,1,1,2,44.77767252008522,37.76988449542796,33.51
2026-10-02,PRESTIGE.NS,29.485943385760393,43.27618614534182,0.125,2.833213344056216,15.000000000000002,8,6,16,48.33907424408153,67.840469037718,33.47
2026-10-02,MRPL.NS,21.403915720003262,22.04012529680436,-0.3333333333333333,1.3862943611198906,50.0,1,2,3,35.280601256095046,42.75706472000527,33.46
2026-10-02,AARTIIND.NS,32.04229425697327,32.04229425697327,-1.0,0.6931471805599453,50.0,0,1,1,16.286458728114695,30.740848755802336,33.25
2026-10-02,UPL.NS,17.49305158915529,25.218316628380922,0.0,1.0986122886681096,50.0,1,1,2,44.77767252008522,37.76988449542796,33.1
2026-10-02,GODREJPROP.NS,26.825152628122105,34.456640101582025,0.16666666666666666,2.5649493574615367,15.000000000000002,7,5,12,49.5262081520803,63.189915607296996,32.05
2026-10-02,GOLDBEES.NS,17.794942807119064,35.02804422123076,-0.5,1.9459101490553132,50.0,1,4,6,30.532065624099953,52.45841582321166,31.86
2026-10-02,IOB.NS,33.40861576570045,58.7900452314392,-0.2,1.791759469228055,15.000000000000002,2,3,5,39.07942976169112,49.786100459630894,31.58
2026-10-02,DLF.NS,26.81289887885715,33.1402638128931,0.09090909090909091,2.4849066497880004,15.000000000000002,6,5,11,47.36778286480981,61.80231642383382,31.47
2026-10-02,BLUESTARCO.NS,25.98546138192088,31.4810621325056,-1.0,1.0986122886681096,50.0,0,2,2,16.286458728114695,37.76988449542796,31.23
2026-10-02,OBEROIRLTY.NS,27.034765439974606,34.36016127404653,0.0,2.4849066497880004,15.000000000000002,5,5,11,44.77767252008522,61.80231642383382,31.05
2026-10-02,LTIM.NS,26.812898838847072,33.071395791432835,0.0,2.3978952727983707,15.000000000000002,5,5,10,44.77767252008522,60.293910234537286,30.8
2026-10-02,MASTEK.NS,45.58160573244095,45.58160573244095,-1.0,0.6931471805599453,15.000000000000002,0,1,1,16.286458728114695,30.740848755802336,30.59
2026-10-02,ALKEM.NS,21.66757072127139,44.18421224341474,0.25,1.6094379124341003,20.0,2,1,4,51.90047596807784,46.625422233116225,29.79
2026-10-02,VBL.NS,40.06609022617341,40.06609022617341,-1.0,0.6931471805599453,20.0,0,1,1,16.286458728114695,30.740848755802336,29.36
2026-10-02,BAJAJHLDNG.NS,21.437968373298645,21.437968373298645,-1.0,0.6931471805599453,50.0,0,1,1,16.286458728114695,30.740848755802336,28.48
2026-10-02,NAM-INDIA.NS,20.785956651878358,20.785956651878358,-1.0,0.6931471805599453,50.0,0,1,1,16.286458728114695,30.740848755802336,28.19
2026-10-02,BANKBARODA.NS,30.928944958134764,30.862323409595938,-0.75,2.1972245773362196,15.000000000000002,1,7,8,23.409262176107326,56.81513619925652,28.03
2026-10-02,PNB.NS,34.298658559641325,33.80122397160633,-1.0,1.9459101490553132,15.000000000000002,0,6,6,16.286458728114695,52.45841582321166,27.69
2026-10-02,INDUSINDBK.NS,32.56584711932598,34.10574683122156,-1.0,2.0794415416798357,15.000000000000002,0,7,7,16.286458728114695,54.77328068420819,27.14
2026-10-02,TMPV.NS,17.86249716396332,17.86249716396332,-1.0,0.6931471805599453,50.0,0,1,1,16.286458728114695,30.740848755802336,26.87
2026-10-02,SJVN.NS,17.479837371063233,17.479837371063233,-1.0,0.6931471805599453,50.0,0,1,1,16.286458728114695,30.740848755802336,26.7
2026-10-02,TATAELXSI.NS,16.517412196133495,16.772173009039182,0.0,1.0986122886681096,15.000000000000002,1,1,2,44.77767252008522,37.76988449542796,23.92
2026-10-02,NBCC.NS,17.035129089976692,28.648696592882526,-0.375,2.1972245773362196,15.000000000000002,2,5,8,34.09346734809627,56.81513619925652,23.92
2026-10-02,ROUTE.NS,15.559606372833256,15.559606372833256,-1.0,0.6931471805599453,15.000000000000002,0,1,1,16.286458728114695,30.740848755802336,17.08
2026-10-02,HINDPETRO.NS,10.27969584798813,10.279695847988124,-1.0,0.6931471805599453,15.000000000000002,0,1,1,16.286458728114695,30.740848755802336,14.71
