ticker,up_probability,signal,confidence
GRSE.NS,71.1,🟡 MILD BULLISH,High Confidence
AMBER.NS,70.9,🟡 MILD BULLISH,High Confidence
PNB.NS,70.9,🟡 MILD BULLISH,High Confidence
OIL.NS,70.0,🟡 MILD BULLISH,High Confidence
BALAMINES.NS,69.8,🟡 MILD BULLISH,High Confidence
TITAN.NS,69.1,🟡 MILD BULLISH,High Confidence
NH.NS,68.8,🟡 MILD BULLISH,High Confidence
UPL.NS,68.5,🟡 MILD BULLISH,High Confidence
INDUSINDBK.NS,68.5,🟡 MILD BULLISH,High Confidence
CHOLAFIN.NS,67.2,🟡 MILD BULLISH,High Confidence
IDEA.NS,67.1,🟡 MILD BULLISH,High Confidence
POLICYBZR.NS,66.9,🟡 MILD BULLISH,High Confidence
SKFINDIA.NS,66.9,🟡 MILD BULLISH,High Confidence
DELTACORP.NS,66.7,🟡 MILD BULLISH,High Confidence
SUZLON.NS,66.7,🟡 MILD BULLISH,High Confidence
JYOTHYLAB.NS,66.4,🟡 MILD BULLISH,High Confidence
IRFC.NS,66.1,🟡 MILD BULLISH,High Confidence
SHYAMMETL.NS,66.0,🟡 MILD BULLISH,High Confidence
SUNPHARMA.NS,65.9,🟡 MILD BULLISH,High Confidence
VOLTAS.NS,65.9,🟡 MILD BULLISH,High Confidence
KAYNES.NS,65.8,🟡 MILD BULLISH,High Confidence
NMDC.NS,65.5,🟡 MILD BULLISH,High Confidence
MAZDOCK.NS,65.4,🟡 MILD BULLISH,High Confidence
KPIL.NS,65.3,🟡 MILD BULLISH,High Confidence
ADANIPOWER.NS,65.2,🟡 MILD BULLISH,High Confidence
AFFLE.NS,65.2,🟡 MILD BULLISH,High Confidence
BSE.NS,65.1,🟡 MILD BULLISH,High Confidence
M&M.NS,65.0,🟡 MILD BULLISH,Medium Confidence
YESBANK.NS,64.8,🟡 MILD BULLISH,Medium Confidence
SJVN.NS,64.4,🟡 MILD BULLISH,Medium Confidence
TIINDIA.NS,64.4,🟡 MILD BULLISH,Medium Confidence
DEEPAKNTR.NS,64.3,🟡 MILD BULLISH,Medium Confidence
POWERGRID.NS,64.3,🟡 MILD BULLISH,Medium Confidence
NAUKRI.NS,64.1,🟡 MILD BULLISH,Medium Confidence
ADANIPORTS.NS,63.9,🟡 MILD BULLISH,Medium Confidence
BRIGADE.NS,63.9,🟡 MILD BULLISH,Medium Confidence
TATAPOWER.NS,63.7,🟡 MILD BULLISH,Medium Confidence
JSWSTEEL.NS,63.6,🟡 MILD BULLISH,Medium Confidence
EICHERMOT.NS,63.6,🟡 MILD BULLISH,Medium Confidence
GRANULES.NS,63.5,🟡 MILD BULLISH,Medium Confidence
BDL.NS,63.5,🟡 MILD BULLISH,Medium Confidence
ULTRACEMCO.NS,63.5,🟡 MILD BULLISH,Medium Confidence
ONGC.NS,63.1,🟡 MILD BULLISH,Medium Confidence
ACC.NS,62.9,🟡 MILD BULLISH,Medium Confidence
BOSCHLTD.NS,62.9,🟡 MILD BULLISH,Medium Confidence
MUTHOOTFIN.NS,62.8,🟡 MILD BULLISH,Medium Confidence
ITC.NS,62.7,🟡 MILD BULLISH,Medium Confidence
BLUESTARCO.NS,62.6,🟡 MILD BULLISH,Medium Confidence
SHREECEM.NS,62.5,🟡 MILD BULLISH,Medium Confidence
ABCAPITAL.NS,62.3,🟡 MILD BULLISH,Medium Confidence
JUBLFOOD.NS,62.2,🟡 MILD BULLISH,Medium Confidence
APLAPOLLO.NS,62.2,🟡 MILD BULLISH,Medium Confidence
MRPL.NS,62.0,🟡 MILD BULLISH,Medium Confidence
EASEMYTRIP.NS,61.9,🟡 MILD BULLISH,Medium Confidence
MARUTI.NS,61.9,🟡 MILD BULLISH,Medium Confidence
LT.NS,61.8,🟡 MILD BULLISH,Medium Confidence
BAJAJ-AUTO.NS,61.4,🟡 MILD BULLISH,Medium Confidence
TATATECH.NS,61.4,🟡 MILD BULLISH,Medium Confidence
JINDALSTEL.NS,61.4,🟡 MILD BULLISH,Medium Confidence
TMCV.NS,61.2,🟡 MILD BULLISH,Medium Confidence
INDHOTEL.NS,61.0,🟡 MILD BULLISH,Medium Confidence
IOB.NS,60.9,🟡 MILD BULLISH,Medium Confidence
LODHA.NS,60.8,🟡 MILD BULLISH,Medium Confidence
TRENT.NS,60.8,🟡 MILD BULLISH,Medium Confidence
AARTIIND.NS,60.8,🟡 MILD BULLISH,Medium Confidence
RADICO.NS,60.7,🟡 MILD BULLISH,Medium Confidence
GODREJPROP.NS,60.5,🟡 MILD BULLISH,Medium Confidence
DATAPATTNS.NS,60.4,🟡 MILD BULLISH,Medium Confidence
DRREDDY.NS,60.3,🟡 MILD BULLISH,Medium Confidence
BHARTIARTL.NS,60.3,🟡 MILD BULLISH,Medium Confidence
JIOFIN.NS,60.2,🟡 MILD BULLISH,Medium Confidence
JPPOWER.NS,60.2,🟡 MILD BULLISH,Medium Confidence
COCHINSHIP.NS,60.1,🟡 MILD BULLISH,Medium Confidence
TATASTEEL.NS,60.0,🟡 MILD BULLISH,Medium Confidence
VEDL.NS,59.9,⚪ NEUTRAL,Medium Confidence
EMAMILTD.NS,59.8,⚪ NEUTRAL,Medium Confidence
ADANIENT.NS,59.7,⚪ NEUTRAL,Medium Confidence
LTM.NS,59.6,⚪ NEUTRAL,Medium Confidence
NTPC.NS,59.4,⚪ NEUTRAL,Medium Confidence
ABBOTINDIA.NS,59.2,⚪ NEUTRAL,Medium Confidence
MRF.NS,59.1,⚪ NEUTRAL,Medium Confidence
BAJFINANCE.NS,59.0,⚪ NEUTRAL,Medium Confidence
TORNTPHARM.NS,58.9,⚪ NEUTRAL,Medium Confidence
HAL.NS,58.8,⚪ NEUTRAL,Medium Confidence
GOLDBEES.NS,58.7,⚪ NEUTRAL,Medium Confidence
COLPAL.NS,58.5,⚪ NEUTRAL,Medium Confidence
IIFL.NS,58.4,⚪ NEUTRAL,Medium Confidence
HINDUNILVR.NS,58.3,⚪ NEUTRAL,Medium Confidence
SAIL.NS,58.1,⚪ NEUTRAL,Medium Confidence
ZYDUSLIFE.NS,58.0,⚪ NEUTRAL,Low Confidence
FIVESTAR.NS,57.9,MACRO CAUTION — US yield rising (+0.76%),Low Confidence
MANAPPURAM.NS,57.8,MACRO CAUTION — US yield rising (+0.76%),Low Confidence
TANLA.NS,57.7,MACRO CAUTION — US yield rising (+0.76%),Low Confidence
HEROMOTOCO.NS,57.7,MACRO CAUTION — US yield rising (+0.76%),Low Confidence
TIMKEN.NS,57.6,MACRO CAUTION — US yield rising (+0.76%),Low Confidence
PAYTM.NS,57.5,MACRO CAUTION — US yield rising (+0.76%),Low Confidence
SAPPHIRE.NS,57.5,MACRO CAUTION — US yield rising (+0.76%),Low Confidence
DIXON.NS,57.2,MACRO CAUTION — US yield rising (+0.76%),Low Confidence
SHRIRAMFIN.NS,57.2,MACRO CAUTION — US yield rising (+0.76%),Low Confidence
BALKRISIND.NS,57.0,MACRO CAUTION — US yield rising (+0.76%),Low Confidence
BLS.NS,56.8,MACRO CAUTION — US yield rising (+0.76%),Low Confidence
VBL.NS,56.7,MACRO CAUTION — US yield rising (+0.76%),Low Confidence
KEC.NS,56.7,MACRO CAUTION — US yield rising (+0.76%),Low Confidence
ATGL.NS,56.5,MACRO CAUTION — US yield rising (+0.76%),Low Confidence
DABUR.NS,56.4,MACRO CAUTION — US yield rising (+0.76%),Low Confidence
NESTLEIND.NS,56.3,MACRO CAUTION — US yield rising (+0.76%),Low Confidence
SOLARINDS.NS,56.3,MACRO CAUTION — US yield rising (+0.76%),Low Confidence
COALINDIA.NS,56.2,MACRO CAUTION — US yield rising (+0.76%),Low Confidence
HDFCAMC.NS,56.1,MACRO CAUTION — US yield rising (+0.76%),Low Confidence
LICI.NS,56.0,MACRO CAUTION — US yield rising (+0.76%),Low Confidence
RELIANCE.NS,55.9,MACRO CAUTION — US yield rising (+0.76%),Low Confidence
VINATIORGA.NS,55.7,MACRO CAUTION — US yield rising (+0.76%),Low Confidence
IPCALAB.NS,55.6,MACRO CAUTION — US yield rising (+0.76%),Low Confidence
TMPV.NS,55.5,MACRO CAUTION — US yield rising (+0.76%),Low Confidence
OBEROIRLTY.NS,55.4,MACRO CAUTION — US yield rising (+0.76%),Low Confidence
EIHOTEL.NS,55.4,MACRO CAUTION — US yield rising (+0.76%),Low Confidence
GODREJCP.NS,55.2,MACRO CAUTION — US yield rising (+0.76%),Low Confidence
IOC.NS,54.9,MACRO CAUTION — US yield rising (+0.76%),Low Confidence
IEX.NS,54.7,MACRO CAUTION — US yield rising (+0.76%),Low Confidence
ICICIBANK.NS,54.5,MACRO CAUTION — US yield rising (+0.76%),Low Confidence
CUMMINSIND.NS,54.4,MACRO CAUTION — US yield rising (+0.76%),Low Confidence
AXISBANK.NS,54.4,MACRO CAUTION — US yield rising (+0.76%),Low Confidence
SYNGENE.NS,54.2,MACRO CAUTION — US yield rising (+0.76%),Low Confidence
MARICO.NS,53.3,MACRO CAUTION — US yield rising (+0.76%),Low Confidence
NBCC.NS,53.3,MACRO CAUTION — US yield rising (+0.76%),Low Confidence
SOBHA.NS,53.3,MACRO CAUTION — US yield rising (+0.76%),Low Confidence
BEL.NS,53.2,MACRO CAUTION — US yield rising (+0.76%),Low Confidence
IRCON.NS,53.2,MACRO CAUTION — US yield rising (+0.76%),Low Confidence
ANGELONE.NS,53.0,MACRO CAUTION — US yield rising (+0.76%),Low Confidence
ADANIENSOL.NS,53.0,MACRO CAUTION — US yield rising (+0.76%),Low Confidence
TORNTPOWER.NS,53.0,MACRO CAUTION — US yield rising (+0.76%),Low Confidence
DLF.NS,52.8,MACRO CAUTION — US yield rising (+0.76%),Low Confidence
BRITANNIA.NS,52.6,MACRO CAUTION — US yield rising (+0.76%),Low Confidence
CIPLA.NS,52.6,MACRO CAUTION — US yield rising (+0.76%),Low Confidence
BANKBARODA.NS,52.3,MACRO CAUTION — US yield rising (+0.76%),Low Confidence
ABB.NS,51.8,MACRO CAUTION — US yield rising (+0.76%),Low Confidence
HOMEFIRST.NS,51.7,MACRO CAUTION — US yield rising (+0.76%),Low Confidence
ASIANPAINT.NS,51.4,MACRO CAUTION — US yield rising (+0.76%),Low Confidence
SBIN.NS,51.4,MACRO CAUTION — US yield rising (+0.76%),Low Confidence
NYKAA.NS,51.3,MACRO CAUTION — US yield rising (+0.76%),Low Confidence
ITBEES.NS,51.0,MACRO CAUTION — US yield rising (+0.76%),Low Confidence
TATAELXSI.NS,50.9,MACRO CAUTION — US yield rising (+0.76%),Low Confidence
PNCINFRA.NS,50.9,MACRO CAUTION — US yield rising (+0.76%),Low Confidence
NATCOPHARM.NS,50.8,MACRO CAUTION — US yield rising (+0.76%),Low Confidence
LEMONTREE.NS,50.6,MACRO CAUTION — US yield rising (+0.76%),Low Confidence
UTIAMC.NS,50.1,MACRO CAUTION — US yield rising (+0.76%),Low Confidence
BPCL.NS,49.7,MACRO CAUTION — US yield rising (+0.76%),Low Confidence
TATACOMM.NS,49.6,MACRO CAUTION — US yield rising (+0.76%),Low Confidence
LTIM.NS,49.5,MACRO CAUTION — US yield rising (+0.76%),Low Confidence
MAXHEALTH.NS,49.1,MACRO CAUTION — US yield rising (+0.76%),Low Confidence
BAJAJFINSV.NS,48.9,MACRO CAUTION — US yield rising (+0.76%),Low Confidence
BERGEPAINT.NS,48.9,MACRO CAUTION — US yield rising (+0.76%),Low Confidence
APOLLOHOSP.NS,48.9,MACRO CAUTION — US yield rising (+0.76%),Low Confidence
HDFCLIFE.NS,48.8,MACRO CAUTION — US yield rising (+0.76%),Low Confidence
GAIL.NS,48.7,MACRO CAUTION — US yield rising (+0.76%),Low Confidence
MANKIND.NS,48.3,MACRO CAUTION — US yield rising (+0.76%),Low Confidence
SCHAEFFLER.NS,48.3,MACRO CAUTION — US yield rising (+0.76%),Low Confidence
KOTAKBANK.NS,48.1,MACRO CAUTION — US yield rising (+0.76%),Low Confidence
AUROPHARMA.NS,48.1,MACRO CAUTION — US yield rising (+0.76%),Low Confidence
INDIGO.NS,47.8,MACRO CAUTION — US yield rising (+0.76%),Low Confidence
PIDILITIND.NS,47.6,MACRO CAUTION — US yield rising (+0.76%),Low Confidence
TCS.NS,47.6,MACRO CAUTION — US yield rising (+0.76%),Low Confidence
INFY.NS,47.6,MACRO CAUTION — US yield rising (+0.76%),Low Confidence
TATACONSUM.NS,47.4,MACRO CAUTION — US yield rising (+0.76%),Low Confidence
MINDAIND.NS,47.3,MACRO CAUTION — US yield rising (+0.76%),Low Confidence
PERSISTENT.NS,46.6,MACRO CAUTION — US yield rising (+0.76%),Low Confidence
ALKEM.NS,46.4,MACRO CAUTION — US yield rising (+0.76%),Low Confidence
COFORGE.NS,45.8,MACRO CAUTION — US yield rising (+0.76%),Low Confidence
PDRP.NS,45.8,MACRO CAUTION — US yield rising (+0.76%),Low Confidence
BHEL.NS,45.5,MACRO CAUTION — US yield rising (+0.76%),Low Confidence
ADANIGREEN.NS,44.8,MACRO CAUTION — US yield rising (+0.76%),Low Confidence
IRCTC.NS,44.4,MACRO CAUTION — US yield rising (+0.76%),Low Confidence
ZENSARTECH.NS,44.2,MACRO CAUTION — US yield rising (+0.76%),Low Confidence
HCLTECH.NS,43.9,MACRO CAUTION — US yield rising (+0.76%),Low Confidence
BANSALWIRE.NS,43.4,MACRO CAUTION — US yield rising (+0.76%),Low Confidence
SRF.NS,42.7,MACRO CAUTION — US yield rising (+0.76%),Low Confidence
HINDALCO.NS,42.6,MACRO CAUTION — US yield rising (+0.76%),Low Confidence
DMART.NS,42.5,MACRO CAUTION — US yield rising (+0.76%),Low Confidence
SIEMENS.NS,41.7,MACRO CAUTION — US yield rising (+0.76%),Medium Confidence
HDFCBANK.NS,41.2,MACRO CAUTION — US yield rising (+0.76%),Medium Confidence
WIPRO.NS,41.1,MACRO CAUTION — US yield rising (+0.76%),Medium Confidence
PAGEIND.NS,41.1,MACRO CAUTION — US yield rising (+0.76%),Medium Confidence
FORTIS.NS,41.0,MACRO CAUTION — US yield rising (+0.76%),Medium Confidence
HAVELLS.NS,40.7,MACRO CAUTION — US yield rising (+0.76%),Medium Confidence
SPICEJET.NS,39.6,MACRO CAUTION — US yield rising (+0.76%),Medium Confidence
PRESTIGE.NS,38.9,MACRO CAUTION — US yield rising (+0.76%),Medium Confidence
SUNTV.NS,36.2,MACRO CAUTION — US yield rising (+0.76%),Medium Confidence
MTARTECH.NS,36.0,MACRO CAUTION — US yield rising (+0.76%),Medium Confidence
